date,transaction_type,category,amount
2021-01-10,expense,Cash_out,445515.22
2021-01-10,expense,Payment,754.0
2021-01-10,expense,Cash_out,87279.97
2021-01-10,expense,Cash_out,116018.31
2021-01-10,expense,Payment,11948.27
2021-01-10,expense,Payment,4872.58
2021-01-10,income,Cash_in,395581.66
2021-01-10,income,Cash_in,225319.58
2021-01-10,expense,Cash_out,119078.9
2021-01-10,expense,Cash_out,169402.02
2021-01-10,expense,Cash_out,159356.47
2021-01-10,expense,Cash_out,427904.42
2021-01-10,income,Cash_in,37116.16
2021-01-10,expense,Payment,7063.11
2021-01-10,expense,Payment,1575.23
2021-01-10,expense,Payment,1410.4
2021-01-10,expense,Cash_out,307635.2
2021-01-10,expense,Cash_out,43019.61
2021-01-10,expense,Cash_out,97344.01
2021-01-10,expense,Payment,5764.55
2021-01-10,expense,Cash_out,505595.69
2021-01-10,expense,Cash_out,233457.37
2021-01-10,income,Cash_in,60436.41
2021-01-10,expense,Payment,7202.44
2021-01-10,expense,Cash_out,441622.37
2021-01-10,expense,Cash_out,157928.67
2021-01-10,income,Cash_in,51047.01
2021-01-10,expense,Payment,2936.67
2021-01-10,expense,Cash_out,137130.83
2021-01-10,expense,Transfer,3480127.06
2021-01-10,expense,Cash_out,338871.18
2021-01-10,expense,Payment,754.98
2021-01-10,expense,Cash_out,273159.29
2021-01-10,expense,Cash_out,16829.62
2021-01-10,expense,Cash_out,31568.25
2021-01-10,expense,Transfer,607911.39
2021-01-10,expense,Payment,5380.82
2021-01-10,expense,Cash_out,344799.79
2021-01-10,income,Cash_in,351035.92
2021-01-10,expense,Payment,6787.05
2021-01-10,expense,Payment,16546.77
2021-01-10,income,Cash_in,495657.03
2021-01-10,income,Cash_in,22810.85
2021-01-10,income,Cash_in,183283.53
2021-01-10,income,Cash_in,161155.86
2021-01-10,income,Cash_in,392670.3
2021-01-10,income,Cash_in,239710.23
2021-01-10,income,Cash_in,273760.27
2021-01-10,income,Cash_in,365534.26
2021-01-10,income,Cash_in,44119.33
2021-01-10,income,Cash_in,54432.42
2021-01-10,income,Cash_in,151647.59
2021-01-10,income,Cash_in,38545.47
2021-01-10,income,Cash_in,123484.45
2021-01-10,income,Cash_in,496700.11
2021-01-10,income,Cash_in,295645.53
2021-01-10,income,Cash_in,23526.01
2021-01-10,income,Cash_in,316735.36
2021-01-10,income,Cash_in,198134.07
2021-01-10,income,Cash_in,238234.99
2021-01-10,income,Cash_in,330999.04
2021-01-10,income,Cash_in,65071.78
2021-01-10,income,Cash_in,2008.63
2021-01-10,income,Cash_in,91593.37
2021-01-10,income,Cash_in,273039.25
2021-01-10,income,Cash_in,13829.43
2021-01-10,income,Cash_in,211380.12
2021-01-10,income,Cash_in,141952.61
2021-01-10,income,Cash_in,364891.31
2021-01-10,income,Cash_in,5897.63
2021-01-10,income,Cash_in,185348.55
2021-01-10,income,Cash_in,101390.67
2021-01-10,income,Cash_in,209879.12
2021-01-10,income,Cash_in,1645.37
2021-01-10,income,Cash_in,105401.21
2021-01-10,income,Cash_in,108012.45
2021-01-10,income,Cash_in,29710.49
2021-01-10,income,Cash_in,92868.89
2021-01-10,income,Cash_in,127679.19
2021-01-10,income,Cash_in,132329.68
2021-01-10,income,Cash_in,58074.77
2021-01-10,income,Cash_in,35472.48
2021-01-10,income,Cash_in,189528.56
2021-01-10,income,Cash_in,122202.54
2021-01-10,income,Cash_in,142217.7
2021-01-10,income,Cash_in,26814.4
2021-01-10,income,Cash_in,172389.26
2021-01-10,income,Cash_in,39264.94
2021-01-10,income,Cash_in,145167.07
2021-01-10,income,Cash_in,221478.58
2021-01-10,income,Cash_in,176579.02
2021-01-10,income,Cash_in,152168.89
2021-01-10,income,Cash_in,98166.08
2021-01-10,income,Cash_in,498748.32
2021-01-10,income,Cash_in,269097.69
2021-01-10,income,Cash_in,306901.28
2021-01-10,income,Cash_in,70565.83
2021-01-10,income,Cash_in,307795.13
2021-01-10,expense,Cash_out,416038.93
2021-01-10,income,Cash_in,285932.89
2021-01-10,expense,Payment,2689.55
2021-01-10,expense,Payment,3496.39
2021-01-10,income,Cash_in,48321.98
2021-01-10,expense,Payment,4899.95
2021-01-10,expense,Cash_out,174906.0
2021-01-10,income,Cash_in,170183.05
2021-01-10,expense,Cash_out,570109.95
2021-01-10,expense,Cash_out,386344.52
2021-01-10,expense,Cash_out,78052.63
2021-01-10,expense,Payment,6576.27
2021-01-10,expense,Cash_out,330449.15
2021-01-10,expense,Transfer,689529.84
2021-01-10,expense,Cash_out,190784.66
2021-01-10,income,Cash_in,645085.43
2021-01-10,expense,Cash_out,220255.91
2021-01-10,expense,Cash_out,297355.56
2021-01-10,expense,Cash_out,156505.28
2021-01-10,expense,Payment,3143.66
2021-01-10,income,Cash_in,202285.88
2021-01-10,expense,Cash_out,437752.14
2021-01-10,income,Cash_in,166977.56
2021-01-10,expense,Payment,15263.83
2021-01-10,expense,Cash_out,240829.47
2021-01-10,expense,Transfer,21498.56
2021-01-10,expense,Payment,21456.87
2021-01-10,expense,Payment,6252.36
2021-01-10,expense,Payment,11051.88
2021-01-10,expense,Payment,9493.56
2021-01-10,expense,Cash_out,292840.81
2021-01-10,expense,Payment,6801.86
2021-01-10,expense,Cash_out,56968.64
2021-01-10,expense,Transfer,3430529.92
2021-01-10,expense,Payment,19235.9
2021-01-10,expense,Cash_out,145269.55
2021-01-10,income,Cash_in,1831.32
2021-01-10,expense,Payment,7297.69
2021-01-10,expense,Cash_out,422015.45
2021-01-10,expense,Cash_out,53559.42
2021-01-10,expense,Payment,14192.22
2021-01-10,expense,Payment,9471.45
2021-01-10,expense,Payment,13828.55
2021-01-10,expense,Payment,14597.48
2021-01-10,expense,Cash_out,233826.09
2021-01-10,expense,Cash_out,42999.59
2021-01-10,expense,Transfer,3025639.49
2021-01-10,expense,Payment,10832.21
2021-01-10,expense,Cash_out,12754.65
2021-01-10,expense,Cash_out,212431.12
2021-01-10,expense,Cash_out,156931.97
2021-01-10,expense,Cash_out,134545.49
2021-01-10,expense,Cash_out,39954.42
2021-01-10,expense,Cash_out,202634.85
2021-01-10,expense,Cash_out,341641.31
2021-01-10,expense,Cash_out,363402.13
2021-01-10,expense,Cash_out,119045.77
2021-01-10,expense,Cash_out,35991.09
2021-01-10,expense,Cash_out,185995.27
2021-01-10,expense,Cash_out,115042.88
2021-01-10,expense,Cash_out,74961.08
2021-01-10,expense,Cash_out,81449.77
2021-01-10,expense,Cash_out,248531.56
2021-01-10,income,Cash_in,153667.31
2021-01-10,expense,Payment,23239.14
2021-01-10,expense,Cash_out,17402.26
2021-01-10,expense,Payment,16481.65
2021-01-10,expense,Transfer,1635641.92
2021-01-10,expense,Transfer,1556273.56
2021-01-10,expense,Transfer,582132.73
2021-01-10,expense,Transfer,120108.97
2021-01-10,expense,Transfer,427092.92
2021-01-10,expense,Transfer,399930.61
2021-01-10,expense,Transfer,402908.7
2021-01-10,expense,Transfer,934886.72
2021-01-10,expense,Transfer,983586.83
2021-01-10,expense,Transfer,608507.22
2021-01-10,expense,Transfer,352675.85
2021-01-10,expense,Transfer,75339.68
2021-01-10,expense,Transfer,182614.23
2021-01-10,expense,Transfer,1051581.08
2021-01-10,expense,Transfer,1135430.99
2021-01-10,expense,Transfer,38569.24
2021-01-10,expense,Transfer,560397.11
2021-01-10,expense,Transfer,1567841.21
2021-01-10,expense,Transfer,778519.39
2021-01-10,expense,Cash_out,249107.7
2021-01-10,expense,Cash_out,85711.81
2021-01-10,expense,Cash_out,3258.29
2021-01-10,income,Cash_in,270074.84
2021-01-10,expense,Payment,20173.53
2021-01-10,expense,Payment,9003.49
2021-01-10,expense,Payment,27000.48
2021-01-10,expense,Payment,4040.87
2021-01-10,expense,Payment,31085.5
2021-01-10,expense,Payment,9911.77
2021-01-10,expense,Payment,13271.35
2021-01-10,expense,Payment,5959.4
2021-01-10,expense,Payment,5691.84
2021-01-10,expense,Payment,2000.01
2021-01-10,expense,Payment,3753.65
2021-01-10,expense,Payment,8137.62
2021-01-10,expense,Payment,15384.34
2021-01-10,expense,Payment,276.2
2021-01-10,expense,Payment,5358.57
2021-01-10,expense,Payment,2346.84
2021-01-10,expense,Payment,4358.68
2021-01-10,expense,Payment,8792.87
2021-01-10,expense,Payment,27609.21
2021-01-10,expense,Payment,15872.96
2021-01-10,expense,Payment,6759.04
2021-01-10,expense,Payment,4944.73
2021-01-10,expense,Cash_out,590180.09
2021-01-10,income,Cash_in,328725.41
2021-01-10,expense,Payment,21086.47
2021-01-10,expense,Payment,26962.21
2021-01-10,income,Cash_in,11021.24
2021-01-10,income,Cash_in,123206.75
2021-01-10,expense,Payment,5124.33
2021-01-10,expense,Cash_out,550644.57
2021-01-10,income,Cash_in,399778.33
2021-01-10,income,Cash_in,269730.8
2021-01-10,expense,Cash_out,140777.72
2021-01-10,income,Cash_in,192275.56
2021-01-10,expense,Payment,5792.32
2021-01-10,expense,Cash_out,154256.49
2021-01-10,expense,Payment,16520.02
2021-01-10,expense,Cash_out,220372.63
2021-01-10,expense,Payment,12790.96
2021-01-10,expense,Payment,31803.69
2021-01-10,income,Cash_in,329558.66
2021-01-10,expense,Transfer,530695.7
2021-01-10,income,Cash_in,74462.05
2021-01-10,expense,Payment,12387.29
2021-01-10,expense,Transfer,1894649.89
2021-01-10,expense,Payment,10543.06
2021-01-10,expense,Payment,7273.85
2021-01-10,expense,Payment,19106.91
2021-01-10,income,Cash_in,51093.63
2021-01-10,expense,Payment,12669.73
2021-01-10,income,Cash_in,6336.84
2021-01-10,expense,Transfer,591154.74
2021-01-10,expense,Payment,19635.05
2021-01-10,expense,Cash_out,379361.24
2021-01-10,expense,Payment,4561.35
2021-01-10,expense,Cash_out,599649.05
2021-01-10,expense,Payment,5358.81
2021-01-10,expense,Cash_out,33192.27
2021-01-10,expense,Cash_out,49172.36
2021-01-10,expense,Cash_out,170058.14
2021-01-10,expense,Payment,29463.03
2021-01-10,expense,Cash_out,449153.15
2021-01-10,expense,Payment,1962.82
2021-01-10,expense,Payment,18320.45
2021-01-10,expense,Cash_out,341200.26
2021-01-10,expense,Cash_out,297107.12
2021-01-10,income,Cash_in,12558.92
2021-01-10,expense,Cash_out,478592.41
2021-01-10,expense,Cash_out,48964.02
2021-01-10,expense,Payment,17622.52
2021-01-10,expense,Payment,10158.5
2021-01-10,expense,Transfer,1734617.25
2021-01-10,expense,Payment,3208.69
2021-01-10,expense,Cash_out,384716.39
2021-01-10,expense,Cash_out,30333.68
2021-01-10,expense,Payment,28189.39
2021-01-10,expense,Cash_out,162289.12
2021-01-10,expense,Cash_out,122616.73
2021-01-10,expense,Payment,15216.59
2021-01-10,income,Cash_in,152333.9
2021-01-10,income,Cash_in,213048.67
2021-01-10,income,Cash_in,158738.57
2021-01-10,income,Cash_in,500987.16
2021-01-10,expense,Payment,1479.39
2021-01-10,expense,Cash_out,123285.44
2021-01-10,expense,Payment,11349.54
2021-01-10,expense,Debit,1489.44
2021-01-10,expense,Cash_out,84678.54
2021-01-10,expense,Cash_out,288010.63
2021-01-10,expense,Transfer,3106724.31
2021-01-10,expense,Payment,9526.84
2021-01-10,expense,Payment,20506.91
2021-01-10,expense,Cash_out,153909.3
2021-01-10,expense,Cash_out,286346.09
2021-01-10,income,Cash_in,137289.59
2021-01-10,expense,Cash_out,246543.46
2021-01-10,expense,Cash_out,101698.21
2021-01-10,expense,Cash_out,35137.51
2021-01-10,expense,Cash_out,213948.47
2021-01-10,expense,Cash_out,215149.77
2021-01-10,expense,Payment,10166.04
2021-01-10,expense,Payment,34388.02
2021-01-10,expense,Cash_out,62784.56
2021-01-10,expense,Payment,28602.5
2021-01-10,expense,Cash_out,18823.19
2021-01-10,expense,Cash_out,134743.08
2021-01-10,income,Cash_in,184663.67
2021-01-10,expense,Payment,5308.07
2021-01-10,expense,Transfer,1521866.66
2021-01-10,expense,Payment,7804.88
2021-01-10,expense,Cash_out,237883.74
2021-01-10,income,Cash_in,187171.76
2021-01-10,expense,Payment,12352.8
2021-01-10,expense,Payment,35344.67
2021-01-10,expense,Payment,15819.96
2021-01-10,expense,Cash_out,585586.19
2021-01-10,expense,Cash_out,12053.29
2021-01-10,expense,Transfer,1641066.26
2021-01-10,expense,Payment,1908.11
2021-01-10,expense,Payment,15512.12
2021-01-10,expense,Debit,2096.96
2021-01-10,expense,Cash_out,298728.4
2021-01-10,expense,Cash_out,429066.55
2021-01-10,expense,Payment,25433.99
2021-01-10,income,Cash_in,228292.78
2021-01-10,expense,Cash_out,418203.54
2021-01-10,expense,Cash_out,174509.97
2021-01-10,expense,Cash_out,157218.92
2021-01-10,expense,Cash_out,229719.89
2021-01-10,expense,Cash_out,375395.16
2021-01-10,expense,Cash_out,385938.3
2021-01-10,expense,Cash_out,502786.21
2021-01-10,expense,Cash_out,25854.65
2021-01-10,expense,Cash_out,141687.04
2021-01-10,expense,Cash_out,6258.95
2021-01-10,expense,Cash_out,37896.12
2021-01-10,expense,Cash_out,9134.68
2021-01-10,expense,Cash_out,115121.35
2021-01-10,expense,Cash_out,34955.99
2021-01-10,expense,Cash_out,55018.4
2021-01-10,income,Cash_in,267518.67
2021-01-10,expense,Transfer,658059.71
2021-01-10,expense,Cash_out,99750.49
2021-01-10,expense,Payment,16602.05
2021-01-10,expense,Payment,14048.05
2021-01-10,expense,Payment,2359.62
2021-01-10,expense,Payment,14956.31
2021-01-10,income,Cash_in,157108.91
2021-01-10,expense,Payment,23636.94
2021-01-10,expense,Payment,11522.09
2021-01-10,expense,Cash_out,126728.26
2021-01-10,expense,Cash_out,104988.62
2021-01-10,expense,Transfer,2662734.59
2021-01-10,expense,Cash_out,2662734.59
2021-01-10,income,Cash_in,28360.65
2021-01-10,expense,Payment,3983.32
2021-01-10,expense,Payment,14621.84
2021-01-10,expense,Payment,4597.18
2021-01-10,expense,Payment,7616.96
2021-01-10,expense,Payment,25585.27
2021-01-10,expense,Payment,26442.23
2021-01-10,income,Cash_in,259688.02
2021-01-10,expense,Cash_out,99079.87
2021-01-10,expense,Cash_out,603890.34
2021-01-10,expense,Cash_out,476379.52
2021-01-10,expense,Cash_out,126678.81
2021-01-10,expense,Cash_out,6252.9
2021-01-10,expense,Cash_out,180036.09
2021-01-10,expense,Cash_out,107448.84
2021-01-10,expense,Cash_out,30250.66
2021-01-10,expense,Cash_out,152750.58
2021-01-10,expense,Cash_out,137585.42
2021-01-10,expense,Cash_out,153468.45
2021-01-10,expense,Cash_out,189577.43
2021-01-10,expense,Cash_out,103794.91
2021-01-10,expense,Cash_out,299855.2
2021-01-10,expense,Cash_out,192988.91
2021-01-10,expense,Cash_out,167640.48
2021-01-10,expense,Cash_out,32021.91
2021-01-10,expense,Cash_out,128832.44
2021-01-10,expense,Cash_out,174344.16
2021-01-10,expense,Cash_out,559417.74
2021-01-10,expense,Cash_out,184241.57
2021-01-10,expense,Cash_out,498023.74
2021-01-10,expense,Cash_out,547093.37
2021-01-10,expense,Cash_out,237236.28
2021-01-10,expense,Cash_out,309208.88
2021-01-10,expense,Cash_out,444593.77
2021-01-10,expense,Cash_out,7209.58
2021-01-10,expense,Cash_out,104089.54
2021-01-10,expense,Cash_out,19300.56
2021-01-10,expense,Cash_out,193392.79
2021-01-10,expense,Cash_out,242514.58
2021-01-10,expense,Cash_out,18722.33
2021-01-10,expense,Cash_out,94911.88
2021-01-10,expense,Cash_out,56258.86
2021-01-10,expense,Cash_out,6307.33
2021-01-10,expense,Payment,45672.33
2021-01-10,expense,Payment,14480.36
2021-01-10,expense,Payment,1652.86
2021-01-10,expense,Payment,23507.99
2021-01-10,expense,Payment,12659.18
2021-01-10,expense,Payment,6615.89
2021-01-10,expense,Payment,1054.65
2021-01-10,expense,Payment,11209.24
2021-01-10,expense,Payment,21657.79
2021-01-10,expense,Payment,14496.55
2021-01-10,expense,Payment,15443.93
2021-01-10,expense,Payment,13772.16
2021-01-10,expense,Payment,5870.34
2021-01-10,expense,Payment,21256.91
2021-01-10,expense,Payment,22123.94
2021-01-10,expense,Payment,3453.23
2021-01-10,expense,Payment,550.31
2021-01-10,expense,Payment,4303.43
2021-01-10,expense,Payment,850.65
2021-01-10,expense,Payment,976.8
2021-01-10,expense,Payment,6437.1
2021-01-10,expense,Payment,3900.32
2021-01-10,expense,Payment,32490.34
2021-01-10,expense,Payment,18843.55
2021-01-10,expense,Cash_out,283968.92
2021-01-10,expense,Payment,23694.63
2021-01-10,expense,Payment,15624.02
2021-01-10,expense,Payment,831.38
2021-01-10,expense,Payment,11135.78
2021-01-10,expense,Debit,3832.54
2021-01-10,expense,Cash_out,562231.11
2021-01-10,income,Cash_in,263507.63
2021-01-10,expense,Transfer,2333072.19
2021-01-10,expense,Cash_out,181291.43
2021-01-10,expense,Cash_out,236306.4
2021-01-10,expense,Cash_out,538898.75
2021-01-10,expense,Payment,12771.75
2021-01-10,expense,Payment,6493.5
2021-01-10,income,Cash_in,465413.04
2021-01-10,expense,Cash_out,173282.1
2021-01-10,expense,Cash_out,143096.69
2021-01-10,expense,Cash_out,430462.41
2021-01-10,income,Cash_in,297821.94
2021-01-10,expense,Cash_out,383955.13
2021-01-10,expense,Transfer,2595685.68
2021-01-10,expense,Payment,13811.41
2021-01-10,expense,Payment,2754.81
2021-01-10,expense,Payment,15296.27
2021-01-10,expense,Payment,13308.85
2021-01-10,expense,Cash_out,310459.49
2021-01-10,income,Cash_in,477848.2
2021-01-10,expense,Payment,4837.36
2021-01-10,expense,Payment,3957.09
2021-01-10,expense,Payment,21682.16
2021-01-10,expense,Payment,2883.01
2021-01-10,income,Cash_in,278996.78
2021-01-10,income,Cash_in,508318.77
2021-01-10,expense,Payment,25869.64
2021-01-10,expense,Payment,7007.45
2021-01-10,expense,Cash_out,82150.83
2021-01-10,expense,Payment,6157.64
2021-01-10,expense,Payment,22154.92
2021-01-10,income,Cash_in,123205.85
2021-01-10,expense,Payment,10737.24
2021-01-10,expense,Transfer,273367.98
2021-01-10,expense,Transfer,568360.72
2021-01-10,expense,Payment,27256.1
2021-01-10,expense,Cash_out,300419.97
2021-01-10,expense,Payment,5210.2
2021-01-10,expense,Cash_out,159965.84
2021-01-10,income,Cash_in,214995.85
2021-01-10,expense,Cash_out,139784.63
2021-01-10,expense,Transfer,2259825.03
2021-01-10,expense,Transfer,1149456.81
2021-01-10,income,Cash_in,32998.55
2021-01-10,expense,Cash_out,40425.48
2021-01-10,expense,Payment,11303.33
2021-01-10,expense,Payment,7275.07
2021-01-10,expense,Cash_out,409681.96
2021-01-10,expense,Cash_out,11665.3
2021-01-10,income,Cash_in,37664.61
2021-01-10,expense,Payment,14635.2
2021-01-10,expense,Cash_out,322042.69
2021-01-10,expense,Transfer,925603.88
2021-01-10,income,Cash_in,227084.45
2021-01-10,expense,Cash_out,273349.47
2021-01-10,expense,Payment,9979.37
2021-01-10,expense,Payment,3983.54
2021-01-10,expense,Payment,2671.08
2021-01-10,expense,Cash_out,412712.34
2021-01-10,expense,Payment,1018.88
2021-01-10,expense,Cash_out,289475.11
2021-01-10,expense,Cash_out,137605.35
2021-01-10,expense,Payment,4800.55
2021-01-10,expense,Cash_out,424639.25
2021-01-10,expense,Transfer,2746937.4
2021-01-10,expense,Cash_out,69654.63
2021-01-10,expense,Payment,24556.44
2021-01-10,expense,Cash_out,112122.22
2021-01-10,expense,Cash_out,87421.69
2021-01-10,expense,Cash_out,599971.01
2021-01-10,expense,Cash_out,206626.8
2021-01-10,expense,Cash_out,48259.65
2021-01-10,expense,Cash_out,453922.15
2021-01-10,expense,Cash_out,160050.19
2021-01-10,expense,Cash_out,133455.23
2021-01-10,expense,Cash_out,3486.58
2021-01-10,expense,Cash_out,30923.29
2021-01-10,expense,Cash_out,46142.99
2021-01-10,expense,Cash_out,162521.42
2021-01-10,expense,Cash_out,44300.67
2021-01-10,expense,Cash_out,115976.15
2021-01-10,expense,Cash_out,84969.32
2021-01-10,expense,Cash_out,86948.67
2021-01-10,expense,Cash_out,19242.94
2021-01-10,expense,Cash_out,413068.4
2021-01-10,expense,Cash_out,260164.54
2021-01-10,expense,Cash_out,21472.11
2021-01-10,expense,Cash_out,250552.23
2021-01-10,expense,Cash_out,101438.49
2021-01-10,expense,Cash_out,275774.13
2021-01-10,expense,Cash_out,216213.3
2021-01-10,expense,Cash_out,85452.32
2021-01-10,expense,Cash_out,117724.72
2021-01-10,expense,Cash_out,424486.41
2021-01-10,expense,Cash_out,43234.74
2021-01-10,expense,Cash_out,238492.69
2021-01-10,expense,Cash_out,37634.91
2021-01-10,expense,Cash_out,98443.29
2021-01-10,expense,Cash_out,32940.49
2021-01-10,expense,Cash_out,204828.77
2021-01-10,expense,Cash_out,237740.63
2021-01-10,expense,Cash_out,42678.04
2021-01-10,expense,Cash_out,161577.32
2021-01-10,expense,Cash_out,168817.4
2021-01-10,expense,Cash_out,44242.17
2021-01-10,expense,Cash_out,321042.38
2021-01-10,expense,Cash_out,59721.15
2021-01-10,expense,Cash_out,53352.67
2021-01-10,expense,Cash_out,80531.74
2021-01-10,expense,Cash_out,86605.1
2021-01-10,expense,Cash_out,49751.64
2021-01-10,expense,Cash_out,155049.35
2021-01-10,expense,Cash_out,21800.48
2021-01-10,expense,Cash_out,69979.94
2021-01-10,expense,Cash_out,140229.38
2021-01-10,expense,Cash_out,157590.26
2021-01-10,expense,Cash_out,72259.8
2021-01-10,expense,Cash_out,133891.07
2021-01-10,expense,Cash_out,250881.7
2021-01-10,expense,Cash_out,880176.09
2021-01-10,expense,Cash_out,227845.72
2021-01-10,expense,Cash_out,149326.76
2021-01-10,expense,Cash_out,275991.43
2021-01-10,expense,Cash_out,150188.41
2021-01-10,expense,Cash_out,161405.84
2021-01-10,expense,Cash_out,81811.75
2021-01-10,expense,Cash_out,164568.88
2021-01-10,expense,Cash_out,20667.63
2021-01-10,expense,Cash_out,93407.95
2021-01-10,expense,Cash_out,371789.06
2021-01-10,expense,Cash_out,46133.7
2021-01-10,expense,Cash_out,137662.62
2021-01-10,expense,Cash_out,96261.45
2021-01-10,expense,Cash_out,272438.55
2021-01-10,expense,Cash_out,62699.19
2021-01-10,expense,Cash_out,71717.23
2021-01-10,expense,Cash_out,118677.41
2021-01-10,expense,Cash_out,53025.14
2021-01-10,expense,Cash_out,263513.62
2021-01-10,expense,Payment,418.79
2021-01-10,expense,Payment,16477.45
2021-01-10,income,Cash_in,73108.5
2021-01-10,expense,Cash_out,481658.09
2021-01-10,expense,Payment,13943.95
2021-01-10,expense,Payment,3068.7
2021-01-10,expense,Cash_out,343934.71
2021-01-10,expense,Payment,12466.86
2021-01-10,expense,Payment,409.44
2021-01-10,expense,Cash_out,279032.38
2021-01-10,expense,Cash_out,433309.44
2021-01-10,income,Cash_in,437186.48
2021-01-10,expense,Cash_out,263700.93
2021-01-10,expense,Cash_out,273935.81
2021-01-10,income,Cash_in,220430.39
2021-01-10,expense,Payment,598.88
2021-01-10,expense,Cash_out,149559.08
2021-01-10,expense,Cash_out,90417.44
2021-01-10,expense,Payment,26592.43
2021-01-10,expense,Payment,5335.28
2021-01-10,expense,Payment,16782.26
2021-01-10,expense,Payment,3408.14
2021-01-10,expense,Payment,2230.87
2021-01-10,expense,Payment,12676.45
2021-01-10,income,Cash_in,200212.08
2021-01-10,expense,Cash_out,242717.27
2021-01-10,expense,Cash_out,675967.69
2021-01-10,expense,Cash_out,173396.36
2021-01-10,expense,Cash_out,42733.05
2021-01-10,expense,Cash_out,197175.01
2021-01-10,expense,Cash_out,51518.54
2021-01-10,expense,Cash_out,59530.23
2021-01-10,expense,Cash_out,249104.8
2021-01-10,expense,Cash_out,120008.83
2021-01-10,expense,Cash_out,115765.27
2021-01-10,expense,Cash_out,72282.22
2021-01-10,expense,Cash_out,54402.17
2021-01-10,expense,Cash_out,102550.52
2021-01-10,expense,Cash_out,89417.0
2021-01-10,expense,Cash_out,147170.03
2021-01-10,expense,Cash_out,236991.29
2021-01-10,expense,Cash_out,183460.09
2021-01-10,expense,Cash_out,74895.22
2021-01-10,expense,Cash_out,92918.3
2021-01-10,expense,Cash_out,236333.54
2021-01-10,expense,Cash_out,172136.37
2021-01-10,expense,Cash_out,121788.99
2021-01-10,expense,Cash_out,197668.59
2021-01-10,expense,Cash_out,352781.91
2021-01-10,expense,Cash_out,115.95
2021-01-10,expense,Cash_out,12453.71
2021-01-10,expense,Cash_out,194504.95
2021-01-10,expense,Cash_out,34471.34
2021-01-10,expense,Cash_out,154878.1
2021-01-10,expense,Cash_out,117063.45
2021-01-10,expense,Cash_out,224885.48
2021-01-10,expense,Cash_out,152810.18
2021-01-10,expense,Cash_out,30476.81
2021-01-10,expense,Cash_out,216708.39
2021-01-10,expense,Cash_out,142772.97
2021-01-10,expense,Cash_out,96816.29
2021-01-10,expense,Cash_out,625.13
2021-01-10,expense,Cash_out,41524.65
2021-01-10,expense,Cash_out,93075.55
2021-01-10,expense,Cash_out,318296.07
2021-01-10,expense,Cash_out,209471.95
2021-01-10,expense,Cash_out,129310.29
2021-01-10,expense,Cash_out,38416.33
2021-01-10,expense,Cash_out,87381.31
2021-01-10,expense,Cash_out,75151.08
2021-01-10,expense,Cash_out,100734.62
2021-01-10,expense,Cash_out,461862.6
2021-01-10,expense,Cash_out,624887.71
2021-01-10,expense,Cash_out,133056.33
2021-01-10,expense,Cash_out,52924.49
2021-01-10,expense,Cash_out,459492.45
2021-01-10,expense,Cash_out,266433.82
2021-01-10,expense,Cash_out,299704.46
2021-01-10,expense,Cash_out,60218.61
2021-01-10,expense,Cash_out,278596.77
2021-01-10,expense,Payment,9340.14
2021-01-10,expense,Payment,142.47
2021-01-10,income,Cash_in,394504.63
2021-01-10,expense,Payment,1879.7
2021-01-10,expense,Cash_out,292563.1
2021-01-10,expense,Transfer,1021451.25
2021-01-10,expense,Transfer,2084229.49
2021-01-10,expense,Cash_out,219522.4
2021-01-10,expense,Cash_out,172975.31
2021-01-10,expense,Payment,9911.21
2021-01-10,expense,Cash_out,355010.7
2021-01-10,expense,Cash_out,177491.41
2021-01-10,expense,Cash_out,127611.03
2021-01-10,expense,Cash_out,405364.29
2021-01-10,expense,Cash_out,58423.23
2021-01-10,income,Cash_in,327244.08
2021-01-10,expense,Payment,6215.24
2021-01-10,expense,Cash_out,23579.6
2021-01-10,expense,Cash_out,54253.87
2021-01-10,income,Cash_in,69319.36
2021-01-10,income,Cash_in,495124.33
2021-01-10,income,Cash_in,782001.37
2021-01-10,income,Cash_in,219972.66
2021-01-10,income,Cash_in,351229.47
2021-01-10,income,Cash_in,126007.98
2021-01-10,income,Cash_in,269043.58
2021-01-10,income,Cash_in,97539.75
2021-01-10,income,Cash_in,198798.24
2021-01-10,income,Cash_in,7359.44
2021-01-10,income,Cash_in,62648.76
2021-01-10,income,Cash_in,196960.91
2021-01-10,income,Cash_in,200210.23
2021-01-10,income,Cash_in,258312.21
2021-01-10,income,Cash_in,90458.66
2021-01-10,income,Cash_in,120941.84
2021-01-10,income,Cash_in,253453.42
2021-01-10,income,Cash_in,303347.64
2021-01-10,income,Cash_in,256835.75
2021-01-10,income,Cash_in,41264.72
2021-01-10,income,Cash_in,180024.91
2021-01-10,income,Cash_in,388922.9
2021-01-10,income,Cash_in,269911.18
2021-01-10,income,Cash_in,308795.9
2021-01-10,income,Cash_in,530953.44
2021-01-10,income,Cash_in,265358.56
2021-01-10,income,Cash_in,37829.59
2021-01-10,income,Cash_in,293848.55
2021-01-10,income,Cash_in,2705.6
2021-01-10,income,Cash_in,146933.94
2021-01-10,income,Cash_in,75188.77
2021-01-10,income,Cash_in,216115.94
2021-01-10,expense,Payment,18202.44
2021-01-10,expense,Payment,20674.51
2021-01-10,expense,Payment,7218.48
2021-01-10,expense,Cash_out,183303.02
2021-01-10,expense,Cash_out,210882.24
2021-01-10,expense,Payment,13644.11
2021-01-10,expense,Cash_out,308821.97
2021-01-10,expense,Cash_out,282404.93
2021-01-10,income,Cash_in,230544.82
2021-01-10,income,Cash_in,14352.65
2021-01-10,expense,Cash_out,291511.51
2021-01-10,expense,Cash_out,116829.24
2021-01-10,income,Cash_in,436728.68
2021-01-10,expense,Cash_out,422503.22
2021-01-10,expense,Payment,20872.99
2021-01-10,expense,Payment,14401.36
2021-01-10,expense,Payment,3801.48
2021-01-10,expense,Payment,5866.81
2021-01-10,expense,Transfer,653916.91
2021-01-10,expense,Payment,25314.33
2021-01-10,expense,Payment,22167.16
2021-01-10,expense,Cash_out,37065.24
2021-01-10,expense,Cash_out,28622.31
2021-01-10,expense,Transfer,400052.66
2021-01-10,expense,Transfer,995320.29
2021-01-10,expense,Payment,10056.87
2021-01-10,expense,Cash_out,140943.06
2021-01-10,expense,Cash_out,259600.72
2021-01-10,expense,Cash_out,143032.1
2021-01-10,expense,Cash_out,15355.52
2021-01-10,expense,Cash_out,24228.56
2021-01-10,expense,Cash_out,15128.7
2021-01-10,expense,Cash_out,228278.01
2021-01-10,expense,Cash_out,149626.9
2021-01-10,expense,Cash_out,280540.03
2021-01-10,expense,Cash_out,190101.43
2021-01-10,expense,Cash_out,46186.22
2021-01-10,expense,Cash_out,11303.56
2021-01-10,expense,Cash_out,167490.29
2021-01-10,expense,Cash_out,88383.94
2021-01-10,expense,Cash_out,149902.54
2021-01-10,expense,Cash_out,148740.25
2021-01-10,expense,Cash_out,159388.95
2021-01-10,expense,Cash_out,17823.53
2021-01-10,expense,Cash_out,58761.67
2021-01-10,expense,Cash_out,134963.51
2021-01-10,expense,Cash_out,74520.62
2021-01-10,expense,Cash_out,210170.1
2021-01-10,expense,Payment,44418.6
2021-01-10,expense,Payment,8499.24
2021-01-10,expense,Cash_out,263545.47
2021-01-10,expense,Cash_out,125058.38
2021-01-10,expense,Payment,11807.49
2021-01-10,income,Cash_in,25601.22
2021-01-10,expense,Cash_out,188361.55
2021-01-10,expense,Payment,23307.08
2021-01-10,expense,Payment,5473.49
2021-01-10,expense,Transfer,160229.98
2021-01-10,expense,Transfer,769883.87
2021-01-10,expense,Transfer,1851579.31
2021-01-10,expense,Transfer,1211872.33
2021-01-10,expense,Transfer,91003.24
2021-01-10,expense,Transfer,963365.47
2021-01-10,expense,Transfer,494154.41
2021-01-10,expense,Transfer,1180169.54
2021-01-10,expense,Transfer,79988.39
2021-01-10,expense,Transfer,580870.83
2021-01-10,expense,Transfer,456360.03
2021-01-10,expense,Transfer,194369.93
2021-01-10,expense,Cash_out,281572.44
2021-01-10,expense,Payment,8857.07
2021-01-10,expense,Transfer,476515.91
2021-01-10,expense,Transfer,43301.66
2021-01-10,expense,Transfer,532982.7
2021-01-10,expense,Transfer,740937.4
2021-01-10,expense,Transfer,213645.37
2021-01-10,expense,Transfer,291259.49
2021-01-10,expense,Transfer,306466.78
2021-01-10,expense,Transfer,435143.54
2021-01-10,expense,Transfer,463758.97
2021-01-10,expense,Transfer,533022.58
2021-01-10,expense,Transfer,9217.19
2021-01-10,expense,Cash_out,9217.19
2021-01-10,expense,Cash_out,327593.7
2021-01-10,expense,Debit,3604.23
2021-01-10,expense,Cash_out,120913.65
2021-01-10,income,Cash_in,173295.77
2021-01-10,expense,Transfer,535365.87
2021-01-10,expense,Payment,13068.44
2021-01-10,income,Cash_in,79812.53
2021-01-10,expense,Payment,30248.16
2021-01-10,expense,Payment,9176.4
2021-01-10,expense,Payment,3943.62
2021-01-10,income,Cash_in,170000.02
2021-01-10,expense,Payment,24017.2
2021-01-10,expense,Cash_out,386519.05
2021-01-10,expense,Payment,13153.71
2021-01-10,expense,Payment,12158.97
2021-01-10,expense,Payment,25719.64
2021-01-10,expense,Payment,13101.2
2021-01-10,expense,Payment,31199.1
2021-01-10,expense,Payment,11790.17
2021-01-10,expense,Payment,110.13
2021-01-10,expense,Payment,3563.2
2021-01-10,expense,Transfer,2529133.21
2021-01-10,expense,Payment,12679.23
2021-01-10,expense,Cash_out,198728.33
2021-01-10,expense,Cash_out,435085.86
2021-01-10,expense,Payment,4308.55
2021-01-10,expense,Transfer,529403.74
2021-01-10,expense,Payment,1410.02
2021-01-10,expense,Payment,12874.72
2021-01-10,expense,Cash_out,86178.98
2021-01-10,expense,Payment,277.3
2021-01-10,expense,Cash_out,457492.29
2021-01-10,expense,Cash_out,246862.17
2021-01-10,expense,Payment,29115.84
2021-01-10,expense,Payment,1121.71
2021-01-10,expense,Cash_out,108277.17
2021-01-10,expense,Cash_out,231732.08
2021-01-10,expense,Transfer,428026.3
2021-01-10,expense,Payment,7193.73
2021-01-10,expense,Payment,14264.77
2021-01-10,income,Cash_in,94803.24
2021-01-10,expense,Payment,17207.44
2021-01-10,expense,Payment,8288.9
2021-01-10,expense,Payment,1311.6
2021-01-10,expense,Payment,13146.42
2021-01-10,expense,Payment,1881.19
2021-01-10,expense,Payment,9143.29
2021-01-10,expense,Payment,5450.96
2021-01-10,expense,Cash_out,518484.75
2021-01-10,expense,Payment,22793.53
2021-01-10,expense,Transfer,732956.22
2021-01-10,expense,Payment,8536.67
2021-01-10,expense,Payment,15219.59
2021-01-10,expense,Payment,3284.84
2021-01-10,expense,Payment,4822.35
2021-01-10,expense,Payment,5970.25
2021-01-10,expense,Payment,11092.64
2021-01-10,expense,Payment,38457.37
2021-01-10,income,Cash_in,166982.28
2021-01-10,expense,Payment,12926.76
2021-01-10,expense,Payment,12132.73
2021-01-10,income,Cash_in,88892.46
2021-01-10,expense,Payment,14102.74
2021-01-10,expense,Payment,4675.8
2021-01-10,expense,Cash_out,95426.66
2021-01-10,expense,Cash_out,224641.05
2021-01-10,expense,Cash_out,143220.18
2021-01-10,expense,Cash_out,258120.26
2021-01-10,expense,Cash_out,348503.78
2021-01-10,expense,Cash_out,145188.33
2021-01-10,expense,Cash_out,94018.56
2021-01-10,expense,Cash_out,31865.19
2021-01-10,expense,Cash_out,320466.39
2021-01-10,expense,Cash_out,49625.12
2021-01-10,expense,Cash_out,12361.54
2021-01-10,expense,Cash_out,60851.65
2021-01-10,expense,Cash_out,122516.95
2021-01-10,expense,Cash_out,155908.72
2021-01-10,expense,Cash_out,74985.33
2021-01-10,expense,Cash_out,73066.12
2021-01-10,expense,Cash_out,82926.14
2021-01-10,expense,Cash_out,182547.75
2021-01-10,expense,Cash_out,89510.32
2021-01-10,expense,Cash_out,52025.43
2021-01-10,expense,Cash_out,32685.69
2021-01-10,expense,Cash_out,287388.03
2021-01-10,expense,Cash_out,66081.36
2021-01-10,expense,Cash_out,325854.08
2021-01-10,expense,Cash_out,209986.53
2021-01-10,expense,Cash_out,583110.58
2021-01-10,expense,Cash_out,378736.6
2021-01-10,expense,Cash_out,337450.49
2021-01-10,expense,Cash_out,243948.66
2021-01-10,expense,Cash_out,194317.84
2021-01-10,expense,Cash_out,49748.66
2021-01-10,expense,Cash_out,96270.37
2021-01-10,expense,Cash_out,119240.82
2021-01-10,expense,Cash_out,107726.97
2021-01-10,expense,Cash_out,22472.2
2021-01-10,expense,Cash_out,177393.89
2021-01-10,expense,Cash_out,145162.57
2021-01-10,expense,Cash_out,280234.26
2021-01-10,expense,Cash_out,403205.62
2021-01-10,expense,Cash_out,44627.25
2021-01-10,expense,Cash_out,187199.99
2021-01-10,expense,Cash_out,33602.29
2021-01-10,expense,Cash_out,55028.06
2021-01-10,expense,Cash_out,5353.25
2021-01-10,expense,Cash_out,152803.2
2021-01-10,expense,Cash_out,44785.7
2021-01-10,expense,Cash_out,84848.21
2021-01-10,expense,Cash_out,175253.6
2021-01-10,expense,Cash_out,435844.73
2021-01-10,income,Cash_in,308881.92
2021-01-10,expense,Payment,13880.56
2021-01-10,expense,Cash_out,97072.49
2021-01-10,income,Cash_in,215356.56
2021-01-10,expense,Cash_out,417808.25
2021-01-10,income,Cash_in,119983.69
2021-01-10,expense,Cash_out,374803.88
2021-01-10,income,Cash_in,425821.82
2021-01-10,expense,Cash_out,378384.89
2021-01-10,expense,Payment,25291.34
2021-01-10,expense,Cash_out,186418.07
2021-01-10,expense,Cash_out,606095.77
2021-01-10,expense,Cash_out,113435.56
2021-01-10,expense,Cash_out,199664.47
2021-01-10,expense,Cash_out,57503.85
2021-01-10,expense,Cash_out,272848.48
2021-01-10,expense,Cash_out,170505.09
2021-01-10,expense,Cash_out,30444.94
2021-01-10,expense,Cash_out,85640.49
2021-01-10,expense,Cash_out,168655.28
2021-01-10,expense,Cash_out,103327.3
2021-01-10,expense,Cash_out,42567.52
2021-01-10,expense,Cash_out,137561.45
2021-01-10,expense,Cash_out,114343.99
2021-01-10,expense,Cash_out,104409.37
2021-01-10,expense,Cash_out,137094.54
2021-01-10,expense,Cash_out,86145.27
2021-01-10,expense,Cash_out,186644.59
2021-01-10,expense,Cash_out,332675.5
2021-01-10,expense,Cash_out,401364.73
2021-01-10,expense,Cash_out,387111.79
2021-01-10,expense,Cash_out,199685.27
2021-01-10,expense,Cash_out,152449.72
2021-01-10,expense,Cash_out,461216.26
2021-01-10,expense,Cash_out,12804.98
2021-01-10,expense,Cash_out,128220.49
2021-01-10,expense,Cash_out,471970.91
2021-01-10,expense,Cash_out,320590.82
2021-01-10,expense,Cash_out,170999.32
2021-01-10,expense,Cash_out,122660.8
2021-01-10,expense,Cash_out,139072.85
2021-01-10,expense,Cash_out,132943.66
2021-01-10,expense,Cash_out,124754.96
2021-01-10,expense,Cash_out,26893.24
2021-01-10,expense,Cash_out,76775.8
2021-01-10,expense,Cash_out,131835.02
2021-01-10,expense,Cash_out,262423.8
2021-01-10,expense,Cash_out,9743.16
2021-01-10,expense,Cash_out,58803.55
2021-01-10,expense,Cash_out,43379.29
2021-01-10,expense,Cash_out,89124.94
2021-01-10,expense,Cash_out,101253.54
2021-01-10,expense,Cash_out,259086.45
2021-01-10,expense,Cash_out,19787.96
2021-01-10,expense,Cash_out,102272.64
2021-01-10,expense,Cash_out,80720.21
2021-01-10,expense,Cash_out,42229.12
2021-01-10,expense,Cash_out,54763.62
2021-01-10,expense,Cash_out,503195.36
2021-01-10,expense,Cash_out,308167.21
2021-01-10,expense,Cash_out,293090.31
2021-01-10,expense,Cash_out,8498.03
2021-01-10,expense,Cash_out,115181.7
2021-01-10,expense,Cash_out,43199.9
2021-01-10,expense,Cash_out,307048.68
2021-01-10,expense,Cash_out,441758.03
2021-01-10,expense,Cash_out,255542.03
2021-01-10,expense,Cash_out,148648.25
2021-01-10,expense,Cash_out,106221.54
2021-01-10,expense,Cash_out,233268.42
2021-01-10,expense,Cash_out,198670.37
2021-01-10,expense,Cash_out,106776.91
2021-01-10,expense,Cash_out,205710.4
2021-01-10,expense,Cash_out,42393.94
2021-01-10,expense,Cash_out,41778.82
2021-01-10,expense,Cash_out,30514.79
2021-01-10,expense,Cash_out,176549.9
2021-01-10,expense,Cash_out,158154.04
2021-01-10,expense,Cash_out,81485.28
2021-01-10,expense,Cash_out,85780.0
2021-01-10,expense,Cash_out,17223.95
2021-01-10,expense,Cash_out,541717.28
2021-01-10,expense,Cash_out,49540.8
2021-01-10,expense,Cash_out,62171.3
2021-01-10,expense,Cash_out,88657.35
2021-01-10,expense,Cash_out,78662.93
2021-01-10,expense,Cash_out,607548.4
2021-01-10,expense,Cash_out,113110.67
2021-01-10,expense,Cash_out,56193.7
2021-01-10,expense,Cash_out,523731.56
2021-01-10,expense,Cash_out,626976.47
2021-01-10,expense,Cash_out,276392.25
2021-01-10,expense,Cash_out,145109.28
2021-01-10,expense,Cash_out,81996.43
2021-01-10,expense,Cash_out,230551.72
2021-01-10,expense,Cash_out,253291.24
2021-01-10,expense,Cash_out,76216.46
2021-01-10,expense,Cash_out,170191.55
2021-01-10,expense,Cash_out,44245.06
2021-01-10,expense,Cash_out,43122.4
2021-01-10,expense,Cash_out,60613.11
2021-01-10,expense,Cash_out,566574.04
2021-01-10,expense,Cash_out,1619.21
2021-01-10,expense,Cash_out,202959.61
2021-01-10,expense,Cash_out,7196.65
2021-01-10,expense,Cash_out,64643.52
2021-01-10,expense,Cash_out,301234.83
2021-01-10,expense,Cash_out,186117.49
2021-01-10,expense,Cash_out,103831.58
2021-01-10,expense,Cash_out,210794.8
2021-01-10,expense,Cash_out,100265.19
2021-01-10,expense,Cash_out,59502.07
2021-01-10,expense,Cash_out,556932.68
2021-01-10,expense,Cash_out,86254.48
2021-01-10,expense,Cash_out,148080.2
2021-01-10,expense,Cash_out,10395.67
2021-01-10,expense,Cash_out,193524.81
2021-01-10,expense,Cash_out,36155.04
2021-01-10,expense,Cash_out,105936.81
2021-01-10,expense,Cash_out,154914.98
2021-01-10,expense,Cash_out,172802.27
2021-01-10,expense,Cash_out,77830.7
2021-01-10,expense,Cash_out,79479.43
2021-01-10,expense,Cash_out,21170.09
2021-01-10,expense,Cash_out,3424.98
2021-01-10,expense,Cash_out,31885.46
2021-01-10,expense,Cash_out,75132.0
2021-01-10,expense,Cash_out,30150.67
2021-01-10,expense,Cash_out,229064.17
2021-01-10,expense,Cash_out,459333.45
2021-01-10,expense,Cash_out,72513.94
2021-01-10,expense,Cash_out,139559.35
2021-01-10,expense,Cash_out,356440.9
2021-01-10,expense,Cash_out,175944.92
2021-01-10,expense,Cash_out,274973.54
2021-01-10,expense,Cash_out,138464.89
2021-01-10,expense,Cash_out,224807.44
2021-01-10,expense,Cash_out,146033.5
2021-01-10,expense,Cash_out,446754.32
2021-01-10,expense,Cash_out,248276.62
2021-01-10,expense,Cash_out,53336.73
2021-01-10,expense,Cash_out,45413.07
2021-01-10,expense,Cash_out,190958.79
2021-01-10,expense,Cash_out,217093.9
2021-01-10,expense,Cash_out,45588.99
2021-01-10,expense,Cash_out,83842.45
2021-01-10,expense,Cash_out,16664.78
2021-01-10,expense,Cash_out,49508.11
2021-01-10,expense,Cash_out,34589.91
2021-01-10,expense,Cash_out,67493.38
2021-01-10,expense,Cash_out,357103.33
2021-01-10,expense,Cash_out,776036.34
2021-01-10,expense,Cash_out,194082.79
2021-01-10,expense,Payment,23682.22
2021-01-10,expense,Cash_out,99982.57
2021-01-10,expense,Cash_out,344520.95
2021-01-10,expense,Transfer,370494.37
2021-01-10,expense,Transfer,355461.46
2021-01-10,income,Cash_in,6827.54
2021-01-10,expense,Cash_out,82741.31
2021-01-10,expense,Payment,16355.94
2021-01-10,expense,Cash_out,174729.57
2021-01-10,expense,Payment,14295.07
2021-01-10,expense,Payment,13229.91
2021-01-10,expense,Cash_out,477128.01
2021-01-10,expense,Cash_out,453087.4
2021-01-10,expense,Payment,22827.38
2021-01-10,expense,Payment,9465.88
2021-01-10,expense,Cash_out,199347.81
2021-01-10,expense,Payment,13678.25
2021-01-10,expense,Payment,11985.64
2021-01-10,income,Cash_in,1335.22
2021-01-10,income,Cash_in,136675.08
2021-01-10,income,Cash_in,161203.78
2021-01-10,income,Cash_in,90474.32
2021-01-10,income,Cash_in,197056.78
2021-01-10,income,Cash_in,245006.68
2021-01-10,income,Cash_in,203116.45
2021-01-10,income,Cash_in,137279.13
2021-01-10,income,Cash_in,172710.93
2021-01-10,income,Cash_in,48541.4
2021-01-10,income,Cash_in,280732.73
2021-01-10,income,Cash_in,145272.99
2021-01-10,expense,Payment,8357.46
2021-01-10,expense,Cash_out,72849.68
2021-01-10,expense,Payment,25366.81
2021-01-10,expense,Payment,2642.33
2021-01-10,expense,Payment,342.73
2021-01-10,expense,Payment,7562.06
2021-01-10,expense,Cash_out,136064.22
2021-01-10,expense,Cash_out,223329.52
2021-01-10,expense,Payment,24838.49
2021-01-10,expense,Payment,29238.66
2021-01-10,expense,Payment,19089.94
2021-01-10,expense,Cash_out,446781.52
2021-01-10,expense,Payment,6202.87
2021-01-10,expense,Payment,5340.86
2021-01-10,income,Cash_in,28395.21
2021-01-10,expense,Cash_out,47868.97
2021-01-10,expense,Transfer,616390.05
2021-01-10,expense,Transfer,263767.72
2021-01-10,expense,Transfer,798658.75
2021-01-10,expense,Transfer,311529.45
2021-01-10,expense,Transfer,334267.82
2021-01-10,expense,Transfer,830038.76
2021-01-10,expense,Transfer,777728.33
2021-01-10,expense,Transfer,1204730.25
2021-01-10,expense,Transfer,484762.77
2021-01-10,expense,Transfer,210728.42
2021-01-10,expense,Transfer,8524.46
2021-01-10,expense,Transfer,67024.16
2021-01-10,expense,Transfer,313402.47
2021-01-10,expense,Transfer,360524.73
2021-01-10,expense,Payment,17359.02
2021-01-10,income,Cash_in,163533.65
2021-01-10,expense,Payment,18525.73
2021-01-10,expense,Cash_out,88128.46
2021-01-10,expense,Payment,5384.12
2021-01-10,expense,Payment,9020.59
2021-01-10,expense,Payment,7614.61
2021-01-10,expense,Payment,22553.27
2021-01-10,expense,Payment,3881.3
2021-01-10,income,Cash_in,76453.43
2021-01-10,income,Cash_in,22880.75
2021-01-10,expense,Cash_out,415392.96
2021-01-10,expense,Transfer,907177.43
2021-01-10,expense,Payment,3513.31
2021-01-10,expense,Payment,14925.12
2021-01-10,expense,Cash_out,393525.39
2021-01-10,expense,Transfer,2962079.84
2021-01-10,expense,Cash_out,8235.89
2021-01-10,expense,Payment,2501.69
2021-01-10,expense,Cash_out,436532.81
2021-01-10,expense,Payment,3676.68
2021-01-10,expense,Payment,6666.17
2021-01-10,expense,Cash_out,14043.78
2021-01-10,expense,Payment,6092.67
2021-01-10,expense,Payment,9553.52
2021-01-10,expense,Cash_out,205485.16
2021-01-10,expense,Cash_out,107426.58
2021-01-10,income,Cash_in,6039.54
2021-01-10,expense,Payment,7940.95
2021-01-10,expense,Cash_out,114481.54
2021-01-10,expense,Cash_out,277850.06
2021-01-10,expense,Cash_out,489692.1
2021-01-10,expense,Cash_out,484430.51
2021-01-10,expense,Cash_out,228322.69
2021-01-10,expense,Cash_out,150121.02
2021-01-10,expense,Cash_out,237694.29
2021-01-10,expense,Cash_out,121840.55
2021-01-10,expense,Cash_out,38268.64
2021-01-10,expense,Cash_out,197730.53
2021-01-10,expense,Cash_out,37424.46
2021-01-10,expense,Cash_out,174585.11
2021-01-10,expense,Cash_out,232829.39
2021-01-10,expense,Cash_out,102066.8
2021-01-10,expense,Cash_out,178474.47
2021-01-10,expense,Cash_out,281973.44
2021-01-10,expense,Cash_out,230476.05
2021-01-10,expense,Cash_out,22862.7
2021-01-10,expense,Cash_out,8140.83
2021-01-10,expense,Cash_out,446221.89
2021-01-10,expense,Cash_out,94411.09
2021-01-10,expense,Cash_out,128516.26
2021-01-10,expense,Cash_out,142655.44
2021-01-10,expense,Cash_out,9707.34
2021-01-10,expense,Cash_out,182638.46
2021-01-10,expense,Cash_out,206672.78
2021-01-10,expense,Cash_out,351514.36
2021-01-10,expense,Cash_out,391463.78
2021-01-10,expense,Cash_out,22355.49
2021-01-10,expense,Cash_out,55745.07
2021-01-10,expense,Cash_out,197802.99
2021-01-10,expense,Cash_out,352880.62
2021-01-10,income,Cash_in,102169.77
2021-01-10,expense,Cash_out,429165.01
2021-01-10,expense,Payment,11961.67
2021-01-10,expense,Cash_out,225798.93
2021-01-10,expense,Cash_out,1521.2
2021-01-10,expense,Transfer,2865498.4
2021-01-10,expense,Payment,9216.07
2021-01-10,expense,Payment,18977.59
2021-01-10,expense,Cash_out,58025.21
2021-01-10,expense,Payment,6313.87
2021-01-10,income,Cash_in,167109.35
2021-01-10,expense,Cash_out,239262.58
2021-01-10,expense,Cash_out,264458.21
2021-01-10,expense,Cash_out,67562.17
2021-01-10,expense,Cash_out,63857.9
2021-01-10,income,Cash_in,153120.85
2021-01-10,expense,Payment,14710.75
2021-01-10,expense,Cash_out,357214.12
2021-01-10,expense,Payment,29131.5
2021-01-10,expense,Cash_out,214281.1
2021-01-10,expense,Transfer,1024094.66
2021-01-10,expense,Cash_out,340506.58
2021-01-10,expense,Payment,7302.08
2021-01-10,expense,Cash_out,287979.97
2021-01-10,expense,Payment,11518.34
2021-01-10,expense,Cash_out,188507.11
2021-01-10,expense,Cash_out,170453.77
2021-01-10,expense,Cash_out,38866.92
2021-01-10,income,Cash_in,135799.36
2021-01-10,expense,Payment,28454.69
2021-01-10,expense,Payment,6092.71
2021-01-10,expense,Cash_out,274237.42
2021-01-10,expense,Transfer,1293902.53
2021-01-10,expense,Payment,24792.69
2021-01-10,expense,Payment,7854.68
2021-01-10,expense,Cash_out,285044.33
2021-01-10,expense,Payment,21710.92
2021-01-10,expense,Cash_out,246935.06
2021-01-10,expense,Payment,13398.42
2021-01-10,income,Cash_in,389907.69
2021-01-10,expense,Payment,8732.25
2021-01-10,expense,Payment,12156.43
2021-01-10,expense,Payment,1932.56
2021-01-10,expense,Payment,1405.76
2021-01-10,expense,Payment,16845.43
2021-01-10,expense,Payment,6618.67
2021-01-10,expense,Payment,15317.38
2021-01-10,expense,Payment,17298.33
2021-01-10,expense,Payment,2584.93
2021-01-10,expense,Payment,14523.62
2021-01-10,expense,Payment,5483.57
2021-01-10,income,Cash_in,191817.56
2021-01-10,expense,Payment,7237.41
2021-01-10,expense,Cash_out,489748.85
2021-01-10,expense,Cash_out,492630.59
2021-01-10,expense,Transfer,2671368.51
2021-01-10,expense,Transfer,2333733.77
2021-01-10,expense,Cash_out,72502.56
2021-01-10,expense,Payment,23737.19
2021-01-10,expense,Payment,713.36
2021-01-10,expense,Payment,8557.48
2021-01-10,expense,Payment,34262.58
2021-01-10,expense,Payment,18272.25
2021-01-10,expense,Payment,861.37
2021-01-10,expense,Payment,12574.0
2021-01-10,expense,Cash_out,245329.39
2021-01-10,expense,Payment,7893.71
2021-01-10,income,Cash_in,301140.11
2021-01-10,expense,Payment,358.4
2021-01-10,expense,Cash_out,336372.93
2021-01-10,expense,Cash_out,245815.68
2021-01-10,expense,Payment,31897.68
2021-01-10,expense,Payment,11526.38
2021-01-10,expense,Payment,25975.7
2021-01-10,expense,Payment,37771.82
2021-01-10,expense,Payment,2605.82
2021-01-10,expense,Payment,19395.01
2021-01-10,expense,Payment,13486.48
2021-01-10,expense,Payment,36590.83
2021-01-10,expense,Payment,3020.02
2021-01-10,expense,Payment,3438.27
2021-01-10,expense,Payment,6018.71
2021-01-10,expense,Payment,483.33
2021-01-10,expense,Payment,3932.26
2021-01-10,expense,Payment,36944.92
2021-01-10,expense,Payment,3687.09
2021-01-10,expense,Payment,24.02
2021-01-10,expense,Payment,3787.5
2021-01-10,expense,Payment,6569.07
2021-01-10,expense,Payment,1408.7
2021-01-10,expense,Payment,767.2
2021-01-10,expense,Cash_out,516832.89
2021-01-10,income,Cash_in,290318.5
2021-01-10,income,Cash_in,199077.63
2021-01-10,income,Cash_in,29568.73
2021-01-10,income,Cash_in,208562.4
2021-01-10,income,Cash_in,84089.9
2021-01-10,income,Cash_in,11210.26
2021-01-10,income,Cash_in,123093.07
2021-01-10,income,Cash_in,161556.6
2021-01-10,income,Cash_in,17360.32
2021-01-10,income,Cash_in,153520.11
2021-01-10,income,Cash_in,94128.07
2021-01-10,income,Cash_in,107815.23
2021-01-10,income,Cash_in,218154.14
2021-01-10,income,Cash_in,110005.61
2021-01-10,income,Cash_in,50938.19
2021-01-10,income,Cash_in,383.0
2021-01-10,income,Cash_in,103666.99
2021-01-10,income,Cash_in,134768.15
2021-01-10,income,Cash_in,334652.89
2021-01-10,income,Cash_in,58657.67
2021-01-10,income,Cash_in,279363.81
2021-01-10,income,Cash_in,204496.79
2021-01-10,income,Cash_in,465394.58
2021-01-10,income,Cash_in,200233.2
2021-01-10,income,Cash_in,13701.54
2021-01-10,income,Cash_in,235590.3
2021-01-10,income,Cash_in,320591.03
2021-01-10,income,Cash_in,5622.94
2021-01-10,income,Cash_in,271630.58
2021-01-10,income,Cash_in,27998.58
2021-01-10,income,Cash_in,244734.49
2021-01-10,income,Cash_in,31631.15
2021-01-10,income,Cash_in,81865.09
2021-01-10,income,Cash_in,349469.73
2021-01-10,income,Cash_in,175531.58
2021-01-10,income,Cash_in,126496.66
2021-01-10,income,Cash_in,237375.34
2021-01-10,income,Cash_in,52820.69
2021-01-10,income,Cash_in,225866.91
2021-01-10,income,Cash_in,5824.41
2021-01-10,income,Cash_in,67222.45
2021-01-10,income,Cash_in,70577.09
2021-01-10,income,Cash_in,72465.67
2021-01-10,income,Cash_in,24300.91
2021-01-10,income,Cash_in,110055.85
2021-01-10,income,Cash_in,383205.45
2021-01-10,income,Cash_in,7280.05
2021-01-10,income,Cash_in,338670.72
2021-01-10,income,Cash_in,147069.87
2021-01-10,income,Cash_in,218550.3
2021-01-10,income,Cash_in,206211.1
2021-01-10,income,Cash_in,146196.24
2021-01-10,income,Cash_in,18066.73
2021-01-10,income,Cash_in,113685.06
2021-01-10,income,Cash_in,374607.52
2021-01-10,income,Cash_in,92271.03
2021-01-10,income,Cash_in,139287.1
2021-01-10,income,Cash_in,174112.97
2021-01-10,income,Cash_in,271542.29
2021-01-10,income,Cash_in,198229.07
2021-01-10,income,Cash_in,200761.1
2021-01-10,income,Cash_in,195572.35
2021-01-10,income,Cash_in,20681.78
2021-01-10,income,Cash_in,53368.88
2021-01-10,income,Cash_in,111785.56
2021-01-10,income,Cash_in,157763.41
2021-01-10,income,Cash_in,153304.01
2021-01-10,income,Cash_in,69888.02
2021-01-10,income,Cash_in,20123.52
2021-01-10,income,Cash_in,66588.85
2021-01-10,income,Cash_in,13027.55
2021-01-10,income,Cash_in,531885.89
2021-01-10,expense,Payment,23409.17
2021-01-10,expense,Cash_out,300236.89
2021-01-10,expense,Payment,3727.07
2021-01-10,expense,Cash_out,151534.48
2021-01-10,expense,Payment,17505.48
2021-01-10,expense,Payment,2919.0
2021-01-10,expense,Cash_out,338326.24
2021-01-10,expense,Payment,5754.79
2021-01-10,expense,Payment,12479.64
2021-01-10,income,Cash_in,287278.45
2021-01-10,expense,Payment,11147.1
2021-01-10,expense,Cash_out,129065.03
2021-01-10,income,Cash_in,131376.65
2021-01-10,income,Cash_in,207814.1
2021-01-10,expense,Payment,16184.6
2021-01-10,expense,Payment,3315.92
2021-01-10,expense,Cash_out,317664.74
2021-01-10,expense,Transfer,2061716.65
2021-01-10,expense,Payment,14674.93
2021-01-10,expense,Cash_out,38534.16
2021-01-10,expense,Transfer,1366698.17
2021-01-10,expense,Payment,14700.91
2021-01-10,expense,Payment,12856.23
2021-01-10,expense,Payment,25951.9
2021-01-10,expense,Transfer,909139.92
2021-01-10,expense,Cash_out,651333.86
2021-01-10,expense,Payment,16675.92
2021-01-10,expense,Payment,8821.13
2021-01-10,expense,Cash_out,574913.48
2021-01-10,income,Cash_in,428803.05
2021-01-10,expense,Payment,3106.19
2021-01-10,expense,Cash_out,168241.27
2021-01-10,expense,Payment,2022.21
2021-01-10,expense,Payment,12859.93
2021-01-10,expense,Payment,9006.41
2021-01-10,expense,Payment,570.55
2021-01-10,expense,Payment,1175.69
2021-01-10,expense,Payment,5298.59
2021-01-10,expense,Payment,8155.66
2021-01-10,expense,Payment,3153.47
2021-01-10,expense,Payment,2644.5
2021-01-10,expense,Payment,19545.84
2021-01-10,expense,Payment,4970.2
2021-01-10,expense,Payment,24431.08
2021-01-10,expense,Payment,1177.13
2021-01-10,expense,Payment,2.11
2021-01-10,expense,Payment,4874.82
2021-01-10,expense,Payment,32597.62
2021-01-10,expense,Payment,28989.87
2021-01-10,expense,Payment,17600.92
2021-01-10,expense,Payment,10925.72
2021-01-10,expense,Payment,9289.88
2021-01-10,expense,Payment,4887.03
2021-01-10,expense,Cash_out,695108.1
2021-01-10,expense,Debit,422.37
2021-01-10,expense,Payment,9484.79
2021-01-10,expense,Transfer,2816824.83
2021-01-10,expense,Cash_out,146157.36
2021-01-10,expense,Cash_out,36791.09
2021-01-10,expense,Payment,6890.52
2021-01-10,expense,Transfer,2816513.3
2021-01-10,income,Cash_in,235225.55
2021-01-10,expense,Payment,4728.87
2021-01-10,expense,Payment,39924.19
2021-01-10,expense,Transfer,469471.98
2021-01-10,expense,Cash_out,400241.49
2021-01-10,expense,Cash_out,515313.01
2021-01-10,expense,Transfer,1208620.82
2021-01-10,expense,Payment,17350.92
2021-01-10,expense,Payment,6446.4
2021-01-10,expense,Payment,9868.6
2021-01-10,expense,Payment,9649.06
2021-01-10,expense,Payment,9574.98
2021-01-10,expense,Payment,468.52
2021-01-10,expense,Payment,9544.96
2021-01-10,expense,Payment,20582.63
2021-01-10,expense,Payment,6786.53
2021-01-10,expense,Payment,8250.57
2021-01-10,expense,Payment,1211.95
2021-01-10,expense,Payment,12482.35
2021-01-10,expense,Payment,31161.5
2021-01-10,expense,Payment,16181.76
2021-01-10,expense,Payment,10337.94
2021-01-10,income,Cash_in,83777.35
2021-01-10,expense,Cash_out,287778.73
2021-01-10,expense,Payment,21166.91
2021-01-10,expense,Transfer,1113495.51
2021-01-10,expense,Transfer,789438.2
2021-01-10,expense,Transfer,1416438.25
2021-01-10,expense,Transfer,1366092.91
2021-01-10,expense,Transfer,48807.48
2021-01-10,expense,Transfer,431200.91
2021-01-10,expense,Transfer,1447243.34
2021-01-10,expense,Transfer,792314.47
2021-01-10,expense,Transfer,616887.93
2021-01-10,expense,Transfer,294390.98
2021-01-10,expense,Transfer,52449.27
2021-01-10,expense,Transfer,228264.17
2021-01-10,expense,Transfer,132060.64
2021-01-10,expense,Transfer,933.04
2021-01-10,expense,Payment,14383.44
2021-01-10,expense,Transfer,233927.26
2021-01-10,expense,Cash_out,531198.11
2021-01-10,expense,Cash_out,154061.89
2021-01-10,expense,Payment,15364.71
2021-01-10,expense,Payment,7055.53
2021-01-10,expense,Payment,4686.22
2021-01-10,expense,Payment,15395.33
2021-01-10,expense,Payment,7069.7
2021-01-10,expense,Payment,14002.55
2021-01-10,expense,Payment,5615.7
2021-01-10,expense,Payment,21347.79
2021-01-10,expense,Payment,14662.42
2021-01-10,expense,Payment,15837.57
2021-01-10,expense,Payment,3675.87
2021-01-10,expense,Payment,11418.87
2021-01-10,expense,Payment,7563.06
2021-01-10,expense,Payment,14573.98
2021-01-10,expense,Payment,10692.83
2021-01-10,expense,Payment,3954.08
2021-01-10,expense,Payment,10971.28
2021-01-10,expense,Payment,3392.69
2021-01-10,expense,Cash_out,126891.62
2021-01-10,expense,Cash_out,523081.61
2021-01-10,expense,Cash_out,80810.62
2021-01-10,expense,Payment,16982.42
2021-01-10,expense,Payment,13126.71
2021-01-10,expense,Payment,30767.23
2021-01-10,expense,Cash_out,141912.88
2021-01-10,income,Cash_in,1828.65
2021-01-10,expense,Payment,16604.78
2021-01-10,expense,Payment,13461.91
2021-01-10,expense,Payment,4949.84
2021-01-10,expense,Cash_out,371432.18
2021-01-10,expense,Cash_out,334800.26
2021-01-10,income,Cash_in,309171.4
2021-01-10,expense,Payment,23310.3
2021-01-10,expense,Payment,14960.84
2021-01-10,income,Cash_in,161669.11
2021-01-10,expense,Payment,23686.43
2021-01-10,expense,Payment,2235.98
2021-01-10,expense,Cash_out,259071.03
2021-01-10,expense,Payment,32477.69
2021-01-10,expense,Cash_out,366424.35
2021-01-10,expense,Payment,5234.22
2021-01-10,expense,Payment,7960.66
2021-01-10,expense,Cash_out,340729.92
2021-01-10,expense,Payment,17083.68
2021-01-10,expense,Payment,5081.95
2021-01-10,expense,Cash_out,120715.53
2021-01-10,expense,Cash_out,229712.6
2021-01-10,expense,Payment,7881.99
2021-01-10,expense,Payment,7080.85
2021-01-10,expense,Cash_out,107681.54
2021-01-10,income,Cash_in,460503.45
2021-01-10,expense,Cash_out,29224.34
2021-01-10,expense,Cash_out,366646.4
2021-01-10,expense,Cash_out,173669.23
2021-01-10,expense,Cash_out,9362.27
2021-01-10,expense,Payment,1941.71
2021-01-10,income,Cash_in,539337.5
2021-01-10,income,Cash_in,469308.6
2021-01-10,expense,Cash_out,92266.49
2021-01-10,expense,Cash_out,63694.73
2021-01-10,expense,Payment,13126.04
2021-01-10,expense,Payment,16754.49
2021-01-10,expense,Cash_out,55775.49
2021-01-10,expense,Payment,32476.09
2021-01-10,expense,Payment,2524.22
2021-01-10,expense,Transfer,2439142.59
2021-01-10,expense,Cash_out,157167.67
2021-01-10,expense,Payment,14651.56
2021-01-10,expense,Payment,11412.26
2021-01-10,expense,Cash_out,298618.11
2021-01-10,income,Cash_in,143384.09
2021-01-10,income,Cash_in,179880.06
2021-01-10,expense,Transfer,209672.06
2021-01-10,expense,Payment,12101.96
2021-01-10,expense,Payment,15058.76
2021-01-10,expense,Payment,10073.14
2021-01-10,expense,Payment,30605.41
2021-01-10,expense,Payment,21042.51
2021-01-10,expense,Payment,13646.52
2021-01-10,expense,Payment,11421.57
2021-01-10,expense,Cash_out,437578.52
2021-01-10,expense,Transfer,831071.61
2021-01-10,expense,Payment,5760.18
2021-01-10,expense,Cash_out,245527.91
2021-01-10,expense,Transfer,2019829.33
2021-01-10,expense,Cash_out,419326.85
2021-01-10,expense,Payment,27561.83
2021-01-10,expense,Cash_out,560238.17
2021-01-10,expense,Cash_out,424657.86
2021-01-10,expense,Payment,2256.33
2021-01-10,expense,Payment,26236.54
2021-01-10,expense,Payment,26748.28
2021-01-10,expense,Payment,10222.38
2021-01-10,expense,Payment,20398.03
2021-01-10,expense,Cash_out,22903.79
2021-01-10,expense,Transfer,757703.96
2021-01-10,expense,Payment,16991.89
2021-01-10,expense,Payment,13809.41
2021-01-10,income,Cash_in,360424.9
2021-01-10,expense,Payment,3053.23
2021-01-10,expense,Payment,4985.08
2021-01-10,expense,Payment,20465.58
2021-01-10,expense,Payment,5804.98
2021-01-10,expense,Payment,16473.61
2021-01-10,expense,Payment,19150.71
2021-01-10,expense,Payment,1961.9
2021-01-10,expense,Payment,8928.36
2021-01-10,expense,Payment,6246.22
2021-01-10,expense,Payment,1363.13
2021-01-10,expense,Payment,8343.49
2021-01-10,expense,Payment,10526.25
2021-01-10,expense,Payment,4432.36
2021-01-10,expense,Payment,5649.71
2021-01-10,expense,Payment,8660.95
2021-01-10,expense,Payment,629.02
2021-01-10,expense,Payment,7316.2
2021-01-10,expense,Payment,4626.73
2021-01-10,expense,Payment,4855.43
2021-01-10,expense,Payment,11549.1
2021-01-10,expense,Transfer,3055198.22
2021-01-10,expense,Cash_out,581.34
2021-01-10,expense,Payment,4339.2
2021-01-10,income,Cash_in,97720.54
2021-01-10,expense,Payment,6614.97
2021-01-10,expense,Payment,4486.69
2021-01-10,expense,Payment,6877.09
2021-01-10,expense,Payment,2305.74
2021-01-10,expense,Payment,1260.74
2021-01-10,expense,Payment,14853.15
2021-01-10,expense,Cash_out,237357.96
2021-01-10,expense,Cash_out,141172.46
2021-01-10,expense,Cash_out,42862.33
2021-01-10,income,Cash_in,147144.19
2021-01-10,expense,Cash_out,768512.74
2021-01-10,expense,Cash_out,105760.61
2021-01-10,expense,Cash_out,504636.85
2021-01-10,expense,Cash_out,29254.09
2021-01-10,expense,Cash_out,119383.64
2021-01-10,expense,Cash_out,171150.47
2021-01-10,expense,Cash_out,402032.09
2021-01-10,expense,Cash_out,232434.01
2021-01-10,expense,Cash_out,305750.54
2021-01-10,expense,Cash_out,150975.55
2021-01-10,expense,Cash_out,113975.84
2021-01-10,expense,Cash_out,47526.22
2021-01-10,expense,Payment,13977.33
2021-01-10,income,Cash_in,77630.17
2021-01-10,income,Cash_in,199377.56
2021-01-10,expense,Cash_out,120437.06
2021-01-10,expense,Cash_out,263746.11
2021-01-10,expense,Payment,9134.74
2021-01-10,expense,Payment,12337.83
2021-01-10,expense,Payment,25904.97
2021-01-10,expense,Cash_out,230519.77
2021-01-10,income,Cash_in,314280.83
2021-01-10,expense,Payment,17212.37
2021-01-10,expense,Payment,2651.46
2021-01-10,expense,Payment,13853.78
2021-01-10,expense,Payment,11402.75
2021-01-10,expense,Payment,9662.98
2021-01-10,expense,Payment,16198.85
2021-01-10,expense,Payment,2794.55
2021-01-10,expense,Payment,15491.73
2021-01-10,expense,Payment,1265.92
2021-01-10,expense,Payment,33931.67
2021-01-10,expense,Payment,15454.55
2021-01-10,expense,Payment,15853.75
2021-01-10,expense,Payment,19090.4
2021-01-10,expense,Cash_out,55551.95
2021-01-10,expense,Payment,5298.7
2021-01-10,income,Cash_in,217812.91
2021-01-10,expense,Payment,22187.71
2021-01-10,expense,Cash_out,542469.73
2021-01-10,expense,Cash_out,124388.06
2021-01-10,expense,Cash_out,400565.62
2021-01-10,expense,Payment,7650.41
2021-01-10,expense,Payment,12915.18
2021-01-10,expense,Cash_out,57741.74
2021-01-10,income,Cash_in,288817.68
2021-01-10,income,Cash_in,193122.31
2021-01-10,expense,Payment,20655.09
2021-01-10,expense,Payment,13230.01
2021-01-10,expense,Cash_out,79876.73
2021-01-10,income,Cash_in,71386.55
2021-01-10,expense,Payment,26477.29
2021-01-10,expense,Payment,13428.38
2021-01-10,expense,Cash_out,172016.09
2021-01-10,expense,Cash_out,17015.48
2021-01-10,expense,Payment,18031.3
2021-01-10,expense,Payment,5502.21
2021-01-10,income,Cash_in,42227.76
2021-01-10,expense,Payment,8899.65
2021-01-10,expense,Cash_out,196209.44
2021-01-10,expense,Payment,5152.63
2021-01-10,expense,Payment,5789.8
2021-01-10,expense,Transfer,1742441.59
2021-01-10,expense,Debit,2938.58
2021-01-10,income,Cash_in,1403.5
2021-01-10,expense,Cash_out,499262.0
2021-01-10,expense,Payment,10518.27
2021-01-10,expense,Cash_out,35064.15
2021-01-10,expense,Cash_out,186695.68
2021-01-10,expense,Transfer,170215.26
2021-01-10,expense,Payment,24408.65
2021-01-10,income,Cash_in,35319.64
2021-01-10,expense,Transfer,797666.93
2021-01-10,expense,Cash_out,108152.28
2021-01-10,expense,Debit,6164.0
2021-01-10,expense,Payment,15877.42
2021-01-10,expense,Payment,14247.92
2021-01-10,expense,Transfer,1034890.22
2021-01-10,expense,Cash_out,508418.56
2021-01-10,expense,Debit,4367.63
2021-01-10,expense,Cash_out,251917.13
2021-01-10,expense,Cash_out,402315.89
2021-01-10,income,Cash_in,41494.54
2021-01-10,income,Cash_in,507923.29
2021-01-10,income,Cash_in,51010.91
2021-01-10,income,Cash_in,183686.5
2021-01-10,income,Cash_in,382283.95
2021-01-10,income,Cash_in,346838.88
2021-01-10,income,Cash_in,383258.55
2021-01-10,income,Cash_in,211787.22
2021-01-10,income,Cash_in,26756.5
2021-01-10,income,Cash_in,172462.46
2021-01-10,income,Cash_in,97731.61
2021-01-10,income,Cash_in,67072.15
2021-01-10,income,Cash_in,129315.84
2021-01-10,income,Cash_in,478783.99
2021-01-10,income,Cash_in,373715.42
2021-01-10,income,Cash_in,15367.34
2021-01-10,income,Cash_in,167560.28
2021-01-10,income,Cash_in,210483.56
2021-01-10,income,Cash_in,89919.12
2021-01-10,income,Cash_in,223881.09
2021-01-10,income,Cash_in,234887.56
2021-01-10,income,Cash_in,89790.78
2021-01-10,income,Cash_in,290153.0
2021-01-10,income,Cash_in,11851.77
2021-01-10,income,Cash_in,232019.55
2021-01-10,income,Cash_in,203668.34
2021-01-10,income,Cash_in,81695.37
2021-01-10,income,Cash_in,232118.83
2021-01-10,income,Cash_in,11526.32
2021-01-10,income,Cash_in,11773.74
2021-01-10,expense,Transfer,2388561.97
2021-01-10,expense,Transfer,2048171.32
2021-01-10,expense,Transfer,634353.24
2021-01-10,expense,Cash_out,165609.7
2021-01-10,expense,Cash_out,252258.01
2021-01-10,expense,Payment,7513.47
2021-01-10,expense,Payment,15120.53
2021-01-10,expense,Payment,15656.05
2021-01-10,expense,Payment,5674.81
2021-01-10,expense,Cash_out,101758.93
2021-01-10,expense,Payment,29414.12
2021-01-10,income,Cash_in,233074.55
2021-01-10,expense,Cash_out,73407.44
2021-01-10,expense,Transfer,1076159.74
2021-01-10,expense,Cash_out,58379.53
2021-01-10,expense,Cash_out,211239.98
2021-01-10,expense,Transfer,960884.83
2021-01-10,expense,Payment,3500.87
2021-01-10,expense,Payment,7919.76
2021-01-10,expense,Payment,13552.43
2021-01-10,expense,Cash_out,190775.25
2021-01-10,expense,Payment,8922.11
2021-01-10,expense,Payment,7219.65
2021-01-10,income,Cash_in,133134.76
2021-01-10,expense,Payment,1153.81
2021-01-10,expense,Payment,1831.55
2021-01-10,expense,Payment,17906.5
2021-01-10,expense,Transfer,1973881.22
2021-01-10,expense,Payment,55.62
2021-01-10,expense,Cash_out,570075.48
2021-01-10,expense,Payment,2905.41
2021-01-10,income,Cash_in,36153.69
2021-01-10,expense,Cash_out,417654.59
2021-01-10,expense,Payment,6498.76
2021-01-10,expense,Cash_out,246233.64
2021-01-10,expense,Cash_out,336170.75
2021-01-10,expense,Payment,20220.08
2021-01-10,expense,Payment,16304.51
2021-01-10,expense,Payment,4730.98
2021-01-10,expense,Payment,15393.28
2021-01-10,expense,Payment,16240.17
2021-01-10,expense,Payment,3521.6
2021-01-10,expense,Cash_out,126817.07
2021-01-10,expense,Cash_out,16916.94
2021-01-10,income,Cash_in,46507.71
2021-01-10,expense,Payment,4074.45
2021-01-10,income,Cash_in,77292.59
2021-01-10,expense,Payment,16969.4
2021-01-10,expense,Payment,35918.75
2021-01-10,expense,Payment,13966.02
2021-01-10,expense,Cash_out,35615.39
2021-01-10,expense,Transfer,645199.18
2021-01-10,income,Cash_in,384690.75
2021-01-10,expense,Payment,33526.65
2021-01-10,expense,Payment,8175.83
2021-01-10,expense,Payment,4947.37
2021-01-10,expense,Cash_out,271927.12
2021-01-10,expense,Payment,26331.46
2021-01-10,income,Cash_in,390776.21
2021-01-10,expense,Payment,13708.19
2021-01-10,expense,Cash_out,180380.5
2021-01-10,expense,Cash_out,156689.81
2021-01-10,expense,Payment,8935.43
2021-01-10,expense,Payment,1164.35
2021-01-10,expense,Payment,39255.12
2021-01-10,income,Cash_in,41030.38
2021-01-10,expense,Transfer,766515.36
2021-01-10,expense,Payment,22297.78
2021-01-10,expense,Payment,207.51
2021-01-10,expense,Payment,6518.79
2021-01-10,expense,Transfer,284368.51
2021-01-10,expense,Payment,8712.38
2021-01-10,expense,Cash_out,290179.43
2021-01-10,expense,Payment,1503.59
2021-01-10,expense,Payment,3607.77
2021-01-10,expense,Payment,6568.27
2021-01-10,expense,Payment,27552.29
2021-01-10,expense,Payment,25421.21
2021-01-10,expense,Cash_out,311294.26
2021-01-10,expense,Cash_out,15241.42
2021-01-10,expense,Payment,6675.4
2021-01-10,expense,Payment,1587.88
2021-01-10,expense,Cash_out,96346.57
2021-01-10,expense,Cash_out,289686.18
2021-01-10,expense,Debit,3663.29
2021-01-10,expense,Payment,9419.01
2021-01-10,expense,Payment,2254.28
2021-01-10,expense,Payment,3700.28
2021-01-10,expense,Payment,6594.16
2021-01-10,expense,Payment,15734.25
2021-01-10,expense,Payment,19369.81
2021-01-10,expense,Payment,11183.61
2021-01-10,expense,Payment,14336.47
2021-01-10,expense,Payment,2649.59
2021-01-10,expense,Payment,14997.93
2021-01-10,expense,Payment,11700.91
2021-01-10,expense,Payment,10542.35
2021-01-10,expense,Payment,17656.54
2021-01-10,expense,Payment,4531.77
2021-01-10,expense,Payment,3380.08
2021-01-10,expense,Payment,1575.39
2021-01-10,expense,Payment,1293.69
2021-01-10,expense,Payment,7466.5
2021-01-10,expense,Payment,30612.35
2021-01-10,expense,Cash_out,603665.26
2021-01-10,expense,Cash_out,352390.9
2021-01-10,expense,Cash_out,118733.31
2021-01-10,expense,Cash_out,106003.99
2021-01-10,expense,Cash_out,92144.35
2021-01-10,expense,Cash_out,110808.63
2021-01-10,expense,Cash_out,226184.75
2021-01-10,expense,Cash_out,137212.5
2021-01-10,expense,Cash_out,24249.13
2021-01-10,expense,Cash_out,114803.6
2021-01-10,expense,Cash_out,59523.94
2021-01-10,expense,Cash_out,21275.38
2021-01-10,expense,Cash_out,208032.03
2021-01-10,expense,Cash_out,135623.5
2021-01-10,expense,Cash_out,41900.35
2021-01-10,expense,Cash_out,204868.27
2021-01-10,expense,Cash_out,119575.0
2021-01-10,expense,Cash_out,34299.28
2021-01-10,expense,Payment,12043.54
2021-01-10,expense,Payment,13402.34
2021-01-10,expense,Transfer,4129630.69
2021-01-10,income,Cash_in,105447.07
2021-01-10,income,Cash_in,258015.78
2021-01-10,income,Cash_in,547717.92
2021-01-10,income,Cash_in,122311.85
2021-01-10,income,Cash_in,279683.75
2021-01-10,income,Cash_in,36728.89
2021-01-10,income,Cash_in,477693.01
2021-01-10,income,Cash_in,127097.41
2021-01-10,income,Cash_in,99077.26
2021-01-10,income,Cash_in,253703.36
2021-01-10,income,Cash_in,211964.66
2021-01-10,income,Cash_in,128092.64
2021-01-10,income,Cash_in,56185.3
2021-01-10,income,Cash_in,96844.08
2021-01-10,income,Cash_in,294763.93
2021-01-10,income,Cash_in,130974.16
2021-01-10,income,Cash_in,150217.8
2021-01-10,income,Cash_in,36840.65
2021-01-10,income,Cash_in,36892.55
2021-01-10,income,Cash_in,43521.7
2021-01-10,income,Cash_in,177855.42
2021-01-10,income,Cash_in,355395.4
2021-01-10,income,Cash_in,18775.27
2021-01-10,income,Cash_in,241402.93
2021-01-10,income,Cash_in,371818.99
2021-01-10,income,Cash_in,74799.1
2021-01-10,income,Cash_in,63729.44
2021-01-10,income,Cash_in,311371.74
2021-01-10,expense,Payment,10950.74
2021-01-10,expense,Cash_out,170791.0
2021-01-10,expense,Payment,5359.49
2021-01-10,expense,Payment,497.86
2021-01-10,expense,Payment,1126.84
2021-01-10,expense,Cash_out,86420.43
2021-01-10,expense,Cash_out,227530.75
2021-01-10,income,Cash_in,123237.48
2021-01-10,income,Cash_in,123378.38
2021-01-10,income,Cash_in,134516.06
2021-01-10,income,Cash_in,191526.03
2021-01-10,income,Cash_in,333597.24
2021-01-10,income,Cash_in,219823.61
2021-01-10,income,Cash_in,339183.89
2021-01-10,income,Cash_in,259857.16
2021-01-10,income,Cash_in,216389.23
2021-01-10,income,Cash_in,384426.79
2021-01-10,income,Cash_in,30410.32
2021-01-10,income,Cash_in,2512.76
2021-01-10,income,Cash_in,154831.76
2021-01-10,income,Cash_in,186195.05
2021-01-10,income,Cash_in,152710.79
2021-01-10,income,Cash_in,73652.92
2021-01-10,income,Cash_in,184772.79
2021-01-10,income,Cash_in,51208.95
2021-01-10,income,Cash_in,2821.99
2021-01-10,income,Cash_in,49693.95
2021-01-10,income,Cash_in,296108.17
2021-01-10,income,Cash_in,298147.25
2021-01-10,income,Cash_in,104335.31
2021-01-10,income,Cash_in,677775.89
2021-01-10,income,Cash_in,71966.41
2021-01-10,income,Cash_in,127857.45
2021-01-10,income,Cash_in,6372.62
2021-01-10,income,Cash_in,155084.43
2021-01-10,income,Cash_in,126544.29
2021-01-10,income,Cash_in,101753.73
2021-01-10,income,Cash_in,189485.0
2021-01-10,income,Cash_in,152496.36
2021-01-10,income,Cash_in,42316.81
2021-01-10,income,Cash_in,139045.66
2021-01-10,income,Cash_in,128375.55
2021-01-10,income,Cash_in,147164.58
2021-01-10,income,Cash_in,53943.25
2021-01-10,income,Cash_in,54190.95
2021-01-10,income,Cash_in,120081.61
2021-01-10,income,Cash_in,27657.69
2021-01-10,income,Cash_in,168951.47
2021-01-10,expense,Payment,20651.19
2021-01-10,expense,Payment,793.83
2021-01-10,expense,Payment,17980.26
2021-01-10,income,Cash_in,380128.8
2021-01-10,expense,Payment,15636.69
2021-01-10,expense,Payment,6471.03
2021-01-10,expense,Payment,43808.63
2021-01-10,expense,Payment,9393.73
2021-01-10,expense,Payment,15091.16
2021-01-10,expense,Payment,23441.53
2021-01-10,expense,Payment,26311.72
2021-01-10,expense,Payment,17749.81
2021-01-10,expense,Payment,4095.67
2021-01-10,expense,Payment,8905.46
2021-01-10,expense,Payment,8770.41
2021-01-10,expense,Payment,7198.66
2021-01-10,expense,Payment,2429.49
2021-01-10,expense,Payment,18425.91
2021-01-10,expense,Payment,2806.01
2021-01-10,expense,Payment,2461.3
2021-01-10,expense,Payment,5104.17
2021-01-10,expense,Payment,1583.43
2021-01-10,expense,Payment,10010.6
2021-01-10,expense,Payment,6686.67
2021-01-10,expense,Payment,17227.48
2021-01-10,expense,Payment,21027.79
2021-01-10,expense,Payment,15160.86
2021-01-10,expense,Payment,14531.6
2021-01-10,expense,Payment,9061.59
2021-01-10,expense,Payment,10202.59
2021-01-10,expense,Payment,4320.32
2021-01-10,expense,Cash_out,194912.34
2021-01-10,expense,Payment,4019.38
2021-01-10,expense,Payment,15102.81
2021-01-10,expense,Cash_out,8665.45
2021-01-10,expense,Payment,64.03
2021-01-10,expense,Payment,9127.36
2021-01-10,expense,Payment,11497.98
2021-01-10,income,Cash_in,212302.41
2021-01-10,expense,Cash_out,139712.5
2021-01-10,expense,Cash_out,209935.89
2021-01-10,expense,Payment,10675.07
2021-01-10,expense,Transfer,1977191.81
2021-01-10,expense,Transfer,635603.75
2021-01-10,expense,Payment,11291.05
2021-01-10,expense,Cash_out,56397.44
2021-01-10,expense,Payment,5332.97
2021-01-10,expense,Cash_out,148662.93
2021-01-10,expense,Cash_out,839157.43
2021-01-10,expense,Payment,28807.0
2021-01-10,income,Cash_in,106387.34
2021-01-10,expense,Payment,18826.46
2021-01-10,expense,Cash_out,122178.12
2021-01-10,expense,Cash_out,327887.78
2021-01-10,expense,Payment,5239.35
2021-01-10,expense,Payment,9580.5
2021-01-10,expense,Payment,14304.88
2021-01-10,expense,Payment,10667.92
2021-01-10,expense,Cash_out,35458.06
2021-01-10,expense,Cash_out,53056.58
2021-01-10,expense,Cash_out,210230.98
2021-01-10,expense,Cash_out,370784.24
2021-01-10,expense,Payment,15495.43
2021-01-10,expense,Payment,23469.46
2021-01-10,expense,Payment,17093.5
2021-01-10,expense,Payment,5587.58
2021-01-10,expense,Payment,13515.2
2021-01-10,expense,Cash_out,6984.56
2021-01-10,expense,Transfer,514470.12
2021-01-10,expense,Debit,593.29
2021-01-10,expense,Payment,4204.42
2021-01-10,expense,Cash_out,210044.02
2021-01-10,expense,Debit,7327.21
2021-01-10,expense,Cash_out,385250.97
2021-01-10,expense,Cash_out,35628.56
2021-01-10,expense,Payment,16950.07
2021-01-10,expense,Cash_out,219615.75
2021-01-10,expense,Payment,1953.08
2021-01-10,expense,Payment,5321.4
2021-01-10,expense,Payment,25990.88
2021-01-10,expense,Payment,13009.17
2021-01-10,expense,Payment,4433.14
2021-01-10,expense,Cash_out,131033.91
2021-01-10,expense,Cash_out,175558.87
2021-01-10,expense,Cash_out,319326.61
2021-01-10,expense,Payment,7154.81
2021-01-10,income,Cash_in,727273.94
2021-01-10,income,Cash_in,16500.66
2021-01-10,expense,Transfer,1254481.84
2021-01-10,expense,Payment,15042.94
2021-01-10,expense,Payment,11048.99
2021-01-10,expense,Payment,8111.02
2021-01-10,expense,Payment,2241.44
2021-01-10,expense,Payment,11899.56
2021-01-10,expense,Payment,24403.11
2021-01-10,expense,Payment,3247.79
2021-01-10,income,Cash_in,49919.28
2021-01-10,expense,Cash_out,477451.66
2021-01-10,expense,Cash_out,641702.13
2021-01-10,expense,Transfer,945910.22
2021-01-10,expense,Cash_out,92836.66
2021-01-10,expense,Cash_out,415168.25
2021-01-10,expense,Cash_out,598511.45
2021-01-10,expense,Payment,17679.39
2021-01-10,expense,Payment,10756.46
2021-01-10,expense,Payment,23447.96
2021-01-10,expense,Cash_out,109966.79
2021-01-10,expense,Cash_out,209711.13
2021-01-10,expense,Cash_out,461452.99
2021-01-10,expense,Payment,5634.01
2021-01-10,expense,Cash_out,138516.41
2021-01-10,expense,Cash_out,374851.12
2021-01-10,expense,Cash_out,56957.66
2021-01-10,expense,Debit,4926.8
2021-01-10,expense,Payment,22296.27
2021-01-10,expense,Payment,6013.84
2021-01-10,expense,Payment,1135.22
2021-01-10,expense,Cash_out,324303.82
2021-01-10,expense,Payment,11785.96
2021-01-10,income,Cash_in,37321.8
2021-01-10,expense,Payment,4842.09
2021-01-10,expense,Cash_out,41892.21
2021-01-10,expense,Payment,25425.9
2021-01-10,expense,Payment,4039.61
2021-01-10,expense,Payment,33776.34
2021-01-10,expense,Payment,12672.08
2021-01-10,expense,Payment,15025.03
2021-01-10,expense,Payment,20002.59
2021-01-10,expense,Payment,7660.45
2021-01-10,expense,Payment,9552.25
2021-01-10,expense,Payment,7414.86
2021-01-10,expense,Payment,3998.79
2021-01-10,expense,Payment,4595.24
2021-01-10,expense,Payment,1876.23
2021-01-10,expense,Payment,9565.14
2021-01-10,expense,Payment,11351.83
2021-01-10,expense,Payment,22594.63
2021-01-10,expense,Payment,29406.1
2021-01-10,income,Cash_in,14987.28
2021-01-10,income,Cash_in,401354.38
2021-01-10,expense,Payment,21695.0
2021-01-10,expense,Payment,3266.69
2021-01-10,expense,Cash_out,139496.27
2021-01-10,expense,Payment,7534.83
2021-01-10,income,Cash_in,539076.23
2021-01-10,expense,Transfer,2453722.34
2021-01-10,expense,Payment,13082.57
2021-01-10,expense,Cash_out,144651.97
2021-01-10,expense,Cash_out,7374.81
2021-01-10,expense,Cash_out,501454.68
2021-01-10,expense,Payment,1617.94
2021-01-10,expense,Payment,15852.67
2021-01-10,expense,Payment,2949.08
2021-01-10,expense,Payment,12500.25
2021-01-10,expense,Cash_out,269325.95
2021-01-10,expense,Cash_out,91437.09
2021-01-10,income,Cash_in,309169.07
2021-01-10,expense,Transfer,1193228.86
2021-01-10,expense,Transfer,1136233.45
2021-01-10,expense,Transfer,122462.59
2021-01-10,expense,Transfer,852699.19
2021-01-10,expense,Transfer,68563.44
2021-01-10,expense,Transfer,302923.44
2021-01-10,expense,Transfer,807622.8
2021-01-10,expense,Transfer,914186.01
2021-01-10,expense,Transfer,1208275.3
2021-01-10,expense,Transfer,121313.8
2021-01-10,expense,Transfer,6693.77
2021-01-10,expense,Payment,8725.79
2021-01-10,expense,Payment,10686.32
2021-01-10,expense,Payment,8689.59
2021-01-10,income,Cash_in,72920.74
2021-01-10,expense,Payment,4535.9
2021-01-10,expense,Cash_out,334932.34
2021-01-10,expense,Cash_out,540313.41
2021-01-10,income,Cash_in,13256.25
2021-01-10,expense,Payment,32298.95
2021-01-10,expense,Payment,39301.85
2021-01-10,expense,Transfer,287144.68
2021-01-10,expense,Payment,24489.06
2021-01-10,expense,Payment,29520.25
2021-01-10,expense,Payment,12802.84
2021-01-10,expense,Cash_out,209984.59
2021-01-10,expense,Payment,15087.81
2021-01-10,expense,Payment,12956.47
2021-01-10,expense,Transfer,132164.67
2021-01-10,expense,Payment,10626.23
2021-01-10,expense,Cash_out,324926.6
2021-01-10,expense,Cash_out,16594.87
2021-01-10,expense,Payment,4949.59
2021-01-10,expense,Payment,16904.13
2021-01-10,expense,Cash_out,243890.9
2021-01-10,expense,Cash_out,346301.41
2021-01-10,expense,Payment,10112.58
2021-01-10,expense,Payment,9576.5
2021-01-10,expense,Cash_out,488669.27
2021-01-10,expense,Payment,20975.98
2021-01-10,expense,Payment,29370.0
2021-01-10,expense,Transfer,255647.98
2021-01-10,expense,Transfer,451891.74
2021-01-10,expense,Cash_out,53555.59
2021-01-10,expense,Cash_out,447110.12
2021-01-10,expense,Cash_out,31731.56
2021-01-10,expense,Cash_out,422879.89
2021-01-10,expense,Cash_out,141263.78
2021-01-10,expense,Cash_out,48458.32
2021-01-10,expense,Cash_out,67524.66
2021-01-10,expense,Cash_out,194904.81
2021-01-10,expense,Cash_out,170015.11
2021-01-10,expense,Cash_out,185188.54
2021-01-10,expense,Cash_out,4626.76
2021-01-10,expense,Cash_out,84901.41
2021-01-10,expense,Cash_out,246594.66
2021-01-10,expense,Cash_out,97291.12
2021-01-10,expense,Cash_out,40661.58
2021-01-10,expense,Cash_out,155425.66
2021-01-10,expense,Cash_out,418453.68
2021-01-10,expense,Payment,14794.42
2021-01-10,expense,Payment,16422.62
2021-01-10,income,Cash_in,182804.24
2021-01-10,expense,Payment,23768.92
2021-01-10,expense,Cash_out,245051.72
2021-01-10,expense,Transfer,2227337.33
2021-01-10,income,Cash_in,57474.2
2021-01-10,expense,Transfer,302038.5
2021-01-10,expense,Payment,7523.76
2021-01-10,expense,Payment,21993.8
2021-01-10,expense,Transfer,1555770.48
2021-01-10,expense,Cash_out,186222.62
2021-01-10,expense,Cash_out,283240.27
2021-01-10,expense,Cash_out,357942.26
2021-01-10,expense,Cash_out,263674.9
2021-01-10,expense,Payment,1257.35
2021-01-10,expense,Payment,16522.7
2021-01-10,expense,Cash_out,337335.03
2021-01-10,expense,Payment,9257.02
2021-01-10,expense,Debit,6718.85
2021-01-10,expense,Payment,1187.11
2021-01-10,expense,Payment,13104.41
2021-01-10,expense,Cash_out,245759.62
2021-01-10,expense,Transfer,1574745.69
2021-01-10,expense,Payment,2694.18
2021-01-10,expense,Cash_out,472359.07
2021-01-10,expense,Payment,4517.81
2021-01-10,expense,Cash_out,436613.7
2021-01-10,income,Cash_in,57673.09
2021-01-10,expense,Cash_out,271715.5
2021-01-10,expense,Cash_out,465582.18
2021-01-10,expense,Cash_out,57989.73
2021-01-10,expense,Cash_out,191723.16
2021-01-10,income,Cash_in,32311.37
2021-01-10,expense,Cash_out,296002.02
2021-01-10,expense,Cash_out,341557.66
2021-01-10,income,Cash_in,158054.11
2021-01-10,expense,Transfer,1720361.81
2021-01-10,expense,Payment,4000.15
2021-01-10,expense,Cash_out,126548.02
2021-01-10,expense,Payment,18658.13
2021-01-10,expense,Payment,1007.57
2021-01-10,expense,Cash_out,255009.35
2021-01-10,income,Cash_in,173974.42
2021-01-10,expense,Cash_out,6327.2
2021-01-10,income,Cash_in,187191.43
2021-01-10,expense,Payment,12159.41
2021-01-10,income,Cash_in,151591.75
2021-01-10,expense,Cash_out,207279.45
2021-01-10,expense,Transfer,967155.66
2021-01-10,income,Cash_in,181599.71
2021-01-10,expense,Cash_out,86711.25
2021-01-10,expense,Cash_out,280485.46
2021-01-10,expense,Payment,15137.62
2021-01-10,expense,Payment,8776.74
2021-01-10,income,Cash_in,218173.03
2021-01-10,expense,Cash_out,2222.46
2021-01-10,income,Cash_in,176164.45
2021-01-10,expense,Payment,253.22
2021-01-10,expense,Cash_out,131721.69
2021-01-10,expense,Transfer,1010433.2
2021-01-10,expense,Payment,6060.97
2021-01-10,income,Cash_in,51129.74
2021-01-10,expense,Payment,10149.45
2021-01-10,expense,Payment,25330.88
2021-01-10,expense,Cash_out,613307.17
2021-01-10,expense,Payment,4624.06
2021-01-10,expense,Transfer,1043792.12
2021-01-10,expense,Payment,16212.4
2021-01-10,expense,Payment,11396.15
2021-01-10,expense,Payment,5704.95
2021-01-10,expense,Payment,13994.53
2021-01-10,expense,Debit,1312.29
2021-01-10,expense,Debit,385.88
2021-01-10,expense,Payment,27738.67
2021-01-10,expense,Transfer,704496.02
2021-01-10,expense,Cash_out,99729.88
2021-01-10,expense,Cash_out,211109.79
2021-01-10,expense,Payment,18956.64
2021-01-10,expense,Transfer,1098590.38
2021-01-10,expense,Transfer,1012078.13
2021-01-10,expense,Payment,17353.38
2021-01-10,expense,Payment,10237.35
2021-01-10,expense,Transfer,1799840.7
2021-01-10,expense,Payment,22849.2
2021-01-10,expense,Payment,21367.05
2021-01-10,expense,Payment,581.68
2021-01-10,expense,Payment,19537.19
2021-01-10,expense,Cash_out,123996.28
2021-01-10,expense,Cash_out,427213.02
2021-01-10,expense,Payment,12086.6
2021-01-10,expense,Payment,6412.01
2021-01-10,expense,Transfer,381243.99
2021-01-10,expense,Transfer,597631.72
2021-01-10,expense,Cash_out,16174.7
2021-01-10,expense,Debit,66.35
2021-01-10,expense,Payment,20622.75
2021-01-10,expense,Payment,5923.23
2021-01-10,expense,Payment,8320.66
2021-01-10,income,Cash_in,292034.41
2021-01-10,expense,Debit,5636.45
2021-01-10,expense,Payment,15870.56
2021-01-10,expense,Cash_out,384638.88
2021-01-10,expense,Cash_out,191018.99
2021-01-10,expense,Cash_out,129029.53
2021-01-10,expense,Cash_out,90244.58
2021-01-10,expense,Cash_out,193353.17
2021-01-10,expense,Cash_out,503498.43
2021-01-10,expense,Cash_out,28999.71
2021-01-10,expense,Cash_out,4712.13
2021-01-10,expense,Cash_out,388246.16
2021-01-10,expense,Cash_out,26144.4
2021-01-10,expense,Cash_out,142630.58
2021-01-10,expense,Cash_out,23629.05
2021-01-10,expense,Cash_out,249074.13
2021-01-10,expense,Cash_out,76184.39
2021-01-10,expense,Cash_out,37004.78
2021-01-10,expense,Cash_out,48493.02
2021-01-10,expense,Cash_out,140838.48
2021-01-10,expense,Cash_out,121462.25
2021-01-10,expense,Cash_out,136594.61
2021-01-10,expense,Cash_out,576136.23
2021-01-10,expense,Cash_out,358310.37
2021-01-10,expense,Cash_out,310233.75
2021-01-10,expense,Cash_out,236823.29
2021-01-10,expense,Payment,10616.21
2021-01-10,expense,Cash_out,129556.37
2021-01-10,expense,Payment,7131.47
2021-01-10,income,Cash_in,155235.75
2021-01-10,expense,Payment,9648.53
2021-01-10,expense,Payment,14114.08
2021-01-10,income,Cash_in,220989.97
2021-01-10,expense,Payment,1942.04
2021-01-10,expense,Cash_out,202806.62
2021-01-10,expense,Cash_out,124993.31
2021-01-10,expense,Cash_out,475399.17
2021-01-10,expense,Cash_out,91126.21
2021-01-10,income,Cash_in,80137.97
2021-01-10,expense,Payment,15303.68
2021-01-10,expense,Payment,4484.46
2021-01-10,expense,Payment,1865.64
2021-01-10,expense,Cash_out,438546.29
2021-01-10,expense,Cash_out,198769.04
2021-01-10,expense,Debit,1786.13
2021-01-10,expense,Cash_out,262371.58
2021-01-10,expense,Transfer,3119657.41
2021-01-10,expense,Transfer,1672787.09
2021-01-10,expense,Payment,3311.25
2021-01-10,expense,Cash_out,410683.88
2021-01-10,expense,Payment,17884.25
2021-01-10,expense,Cash_out,209915.48
2021-01-10,expense,Cash_out,369315.09
2021-01-10,expense,Payment,4971.91
2021-01-10,income,Cash_in,290361.82
2021-01-10,expense,Cash_out,547195.6
2021-01-10,expense,Transfer,246564.68
2021-01-10,expense,Payment,22120.98
2021-01-10,expense,Cash_out,580853.81
2021-01-10,expense,Cash_out,248254.07
2021-01-10,expense,Cash_out,522486.85
2021-01-10,expense,Cash_out,206274.01
2021-01-10,expense,Cash_out,528464.86
2021-01-10,expense,Cash_out,87457.47
2021-01-10,expense,Cash_out,55352.0
2021-01-10,expense,Cash_out,57523.5
2021-01-10,expense,Cash_out,90356.09
2021-01-10,expense,Cash_out,125949.38
2021-01-10,expense,Cash_out,89516.06
2021-01-10,expense,Cash_out,34032.26
2021-01-10,expense,Cash_out,179973.83
2021-01-10,expense,Cash_out,51305.17
2021-01-10,expense,Cash_out,10233.06
2021-01-10,expense,Cash_out,227642.48
2021-01-10,expense,Cash_out,163000.27
2021-01-10,expense,Cash_out,65088.88
2021-01-10,expense,Cash_out,290334.91
2021-01-10,expense,Cash_out,21431.97
2021-01-10,expense,Cash_out,315950.67
2021-01-10,expense,Cash_out,84334.6
2021-01-10,expense,Cash_out,44612.11
2021-01-10,expense,Cash_out,291023.27
2021-01-10,expense,Cash_out,254931.52
2021-01-10,income,Cash_in,262725.35
2021-01-10,expense,Payment,28434.41
2021-01-10,expense,Payment,7172.89
2021-01-10,expense,Payment,20961.83
2021-01-10,expense,Payment,4584.66
2021-01-10,expense,Payment,23595.1
2021-01-10,expense,Payment,11622.21
2021-01-10,expense,Payment,35274.17
2021-01-10,expense,Payment,12768.67
2021-01-10,expense,Payment,5515.84
2021-01-10,expense,Payment,3916.99
2021-01-10,expense,Payment,12177.77
2021-01-10,expense,Payment,11584.74
2021-01-10,expense,Payment,7514.92
2021-01-10,expense,Payment,10817.53
2021-01-10,expense,Payment,4679.77
2021-01-10,expense,Payment,2633.89
2021-01-10,expense,Transfer,405922.21
2021-01-10,income,Cash_in,100998.98
2021-01-10,income,Cash_in,171307.69
2021-01-10,expense,Payment,25826.4
2021-01-10,expense,Cash_out,170180.05
2021-01-10,expense,Cash_out,74437.84
2021-01-10,expense,Payment,3974.77
2021-01-10,expense,Cash_out,44007.0
2021-01-10,expense,Payment,6733.55
2021-01-10,expense,Cash_out,316156.25
2021-01-10,expense,Payment,10419.55
2021-01-10,expense,Payment,3847.88
2021-01-10,income,Cash_in,479213.03
2021-01-10,expense,Cash_out,26196.49
2021-01-10,expense,Cash_out,205933.27
2021-01-10,expense,Cash_out,736883.69
2021-01-10,expense,Cash_out,69249.64
2021-01-10,expense,Payment,9269.61
2021-01-10,expense,Cash_out,113965.56
2021-01-10,income,Cash_in,366514.52
2021-01-10,expense,Cash_out,35458.07
2021-01-10,expense,Cash_out,103202.87
2021-01-10,income,Cash_in,257916.91
2021-01-10,income,Cash_in,59342.13
2021-01-10,expense,Payment,27432.36
2021-01-10,expense,Payment,28937.92
2021-01-10,expense,Payment,7859.34
2021-01-10,expense,Cash_out,604914.23
2021-01-10,income,Cash_in,446123.69
2021-01-10,expense,Cash_out,226472.27
2021-01-10,expense,Payment,21896.84
2021-01-10,expense,Payment,28380.16
2021-01-10,income,Cash_in,308399.69
2021-01-10,income,Cash_in,265168.28
2021-01-10,expense,Payment,1674.91
2021-01-10,income,Cash_in,396684.98
2021-01-10,expense,Cash_out,107987.08
2021-01-10,expense,Cash_out,166819.86
2021-01-10,expense,Payment,21089.97
2021-01-10,expense,Payment,19498.53
2021-01-10,income,Cash_in,20247.59
2021-01-10,expense,Cash_out,526074.99
2021-01-10,expense,Cash_out,210218.99
2021-01-10,expense,Payment,21810.95
2021-01-10,expense,Payment,26291.84
2021-01-10,expense,Payment,17633.22
2021-01-10,expense,Payment,13353.31
2021-01-10,income,Cash_in,502762.69
2021-01-10,income,Cash_in,26800.79
2021-01-10,income,Cash_in,424014.29
2021-01-10,income,Cash_in,272738.16
2021-01-10,income,Cash_in,353488.9
2021-01-10,income,Cash_in,52157.17
2021-01-10,income,Cash_in,113777.67
2021-01-10,income,Cash_in,100065.76
2021-01-10,income,Cash_in,34491.28
2021-01-10,income,Cash_in,221352.1
2021-01-10,income,Cash_in,171371.85
2021-01-10,income,Cash_in,211291.62
2021-01-10,income,Cash_in,232037.29
2021-01-10,income,Cash_in,179304.18
2021-01-10,income,Cash_in,319227.31
2021-01-10,income,Cash_in,24036.89
2021-01-10,income,Cash_in,36611.71
2021-01-10,income,Cash_in,195050.63
2021-01-10,income,Cash_in,374225.51
2021-01-10,expense,Payment,13815.4
2021-01-10,expense,Cash_out,215203.14
2021-01-10,expense,Payment,8368.24
2021-01-10,expense,Transfer,1177429.71
2021-01-10,expense,Cash_out,76940.92
2021-01-10,expense,Cash_out,113169.04
2021-01-10,income,Cash_in,145665.96
2021-01-10,income,Cash_in,175923.9
2021-01-10,expense,Cash_out,289650.85
2021-01-10,expense,Cash_out,418937.68
2021-01-10,income,Cash_in,205322.98
2021-01-10,expense,Transfer,846930.56
2021-01-10,expense,Transfer,533780.65
2021-01-10,expense,Transfer,397563.97
2021-01-10,expense,Transfer,1499713.0
2021-01-10,expense,Transfer,783883.25
2021-01-10,expense,Transfer,575883.64
2021-01-10,expense,Transfer,328774.44
2021-01-10,expense,Transfer,1022821.04
2021-01-10,expense,Transfer,174193.79
2021-01-10,expense,Transfer,856304.64
2021-01-10,expense,Cash_out,475505.15
2021-01-10,expense,Cash_out,266245.33
2021-01-10,expense,Cash_out,33142.63
2021-01-10,expense,Payment,572.94
2021-01-10,expense,Payment,4003.86
2021-01-10,expense,Payment,17850.24
2021-01-10,expense,Transfer,1583696.68
2021-01-10,expense,Transfer,885732.9
2021-01-10,expense,Transfer,1895212.07
2021-01-10,expense,Transfer,1417758.47
2021-01-10,expense,Transfer,265065.34
2021-01-10,expense,Transfer,289690.34
2021-01-10,expense,Transfer,478098.0
2021-01-10,expense,Transfer,271403.96
2021-01-10,expense,Transfer,55284.11
2021-01-10,expense,Transfer,16390.43
2021-01-10,expense,Transfer,165061.72
2021-01-10,expense,Transfer,487667.47
2021-01-10,expense,Transfer,57604.71
2021-01-10,expense,Transfer,94093.25
2021-01-10,expense,Payment,5239.24
2021-01-10,expense,Transfer,417862.13
2021-01-10,income,Cash_in,175836.07
2021-01-10,expense,Transfer,3295552.2
2021-01-10,income,Cash_in,113728.72
2021-01-10,expense,Cash_out,210215.66
2021-01-10,expense,Payment,5280.98
2021-01-10,expense,Cash_out,338629.74
2021-01-10,expense,Payment,19710.38
2021-01-10,income,Cash_in,268870.46
2021-01-10,expense,Cash_out,122480.49
2021-01-10,expense,Payment,4583.55
2021-01-10,expense,Cash_out,330988.19
2021-01-10,expense,Cash_out,231818.75
2021-01-10,expense,Transfer,2972591.95
2021-01-10,expense,Payment,9667.97
2021-01-10,expense,Payment,34831.74
2021-01-10,expense,Payment,30136.89
2021-01-10,expense,Cash_out,141647.52
2021-01-10,expense,Transfer,951280.25
2021-01-10,expense,Payment,4333.74
2021-01-10,expense,Payment,13450.91
2021-01-10,expense,Payment,8156.17
2021-01-10,expense,Payment,6498.31
2021-01-10,expense,Transfer,738555.15
2021-01-10,expense,Payment,8917.36
2021-01-10,income,Cash_in,425659.76
2021-01-10,expense,Payment,4782.09
2021-01-10,expense,Payment,31486.43
2021-01-10,expense,Payment,2860.57
2021-01-10,expense,Cash_out,225262.37
2021-01-10,expense,Payment,872.39
2021-01-10,expense,Transfer,1056320.88
2021-01-10,expense,Payment,15770.57
2021-01-10,income,Cash_in,48564.62
2021-01-10,income,Cash_in,146035.54
2021-01-10,expense,Payment,10972.82
2021-01-10,income,Cash_in,101027.36
2021-01-10,expense,Payment,10265.58
2021-01-10,expense,Payment,5824.53
2021-01-10,expense,Payment,19303.65
2021-01-10,expense,Payment,24563.26
2021-01-10,expense,Payment,9712.95
2021-01-10,expense,Payment,18082.64
2021-01-10,expense,Payment,32062.98
2021-01-10,expense,Payment,4082.59
2021-01-10,expense,Payment,14383.81
2021-01-10,expense,Payment,7086.27
2021-01-10,expense,Payment,14884.88
2021-01-10,expense,Payment,1135.65
2021-01-10,expense,Payment,11597.81
2021-01-10,expense,Payment,5790.22
2021-01-10,expense,Payment,17869.56
2021-01-10,expense,Payment,23032.34
2021-01-10,expense,Payment,2273.89
2021-01-10,expense,Payment,4356.26
2021-01-10,expense,Payment,6946.73
2021-01-10,expense,Payment,7374.2
2021-01-10,expense,Payment,2729.13
2021-01-10,expense,Payment,16846.98
2021-01-10,expense,Payment,41486.68
2021-01-10,expense,Payment,13630.3
2021-01-10,expense,Payment,20040.24
2021-01-10,expense,Transfer,697909.78
2021-01-10,expense,Cash_out,305592.35
2021-01-10,expense,Cash_out,112426.24
2021-01-10,expense,Cash_out,574769.66
2021-01-10,expense,Cash_out,307998.41
2021-01-10,expense,Transfer,607001.39
2021-01-10,expense,Cash_out,337792.34
2021-01-10,expense,Payment,6039.38
2021-01-10,expense,Transfer,241302.5
2021-01-10,expense,Cash_out,321805.96
2021-01-10,income,Cash_in,255413.75
2021-01-10,expense,Transfer,1399898.92
2021-01-10,expense,Payment,14006.81
2021-01-10,expense,Payment,2726.98
2021-01-10,expense,Payment,207.08
2021-01-10,expense,Payment,9859.81
2021-01-10,expense,Payment,243.49
2021-01-10,income,Cash_in,168956.95
2021-01-10,expense,Cash_out,87859.77
2021-01-10,income,Cash_in,437379.57
2021-01-10,expense,Payment,4616.29
2021-01-10,expense,Payment,3701.34
2021-01-10,income,Cash_in,341641.54
2021-01-10,expense,Debit,687.81
2021-01-10,expense,Payment,8058.18
2021-01-10,expense,Cash_out,85446.01
2021-01-10,expense,Payment,19056.51
2021-01-10,income,Cash_in,307680.98
2021-01-10,expense,Payment,581.19
2021-01-10,expense,Payment,17154.88
2021-01-10,expense,Payment,28210.92
2021-01-10,expense,Payment,6622.38
2021-01-10,expense,Cash_out,60257.76
2021-01-10,expense,Payment,13788.63
2021-01-10,income,Cash_in,137091.51
2021-01-10,income,Cash_in,269970.54
2021-01-10,expense,Cash_out,153011.05
2021-01-10,expense,Payment,5655.31
2021-01-10,expense,Payment,15273.52
2021-01-10,expense,Transfer,1221637.47
2021-01-10,expense,Transfer,764381.4
2021-01-10,expense,Payment,18955.96
2021-01-10,income,Cash_in,308003.21
2021-01-10,income,Cash_in,28387.11
2021-01-10,expense,Cash_out,519147.82
2021-01-10,expense,Cash_out,460232.45
2021-01-10,expense,Cash_out,57196.13
2021-01-10,expense,Cash_out,11374.86
2021-01-10,expense,Cash_out,143207.12
2021-01-10,expense,Cash_out,459451.51
2021-01-10,expense,Cash_out,245429.16
2021-01-10,expense,Cash_out,420984.62
2021-01-10,income,Cash_in,430334.15
2021-01-10,expense,Payment,8774.03
2021-01-10,expense,Transfer,1836656.64
2021-01-10,expense,Payment,8009.76
2021-01-10,income,Cash_in,43934.39
2021-01-10,expense,Cash_out,289761.76
2021-01-10,expense,Transfer,167083.64
2021-01-10,expense,Transfer,427142.57
2021-01-10,expense,Transfer,1774732.58
2021-01-10,expense,Transfer,914425.9
2021-01-10,expense,Transfer,686697.52
2021-01-10,expense,Transfer,876422.31
2021-01-10,expense,Transfer,1523687.28
2021-01-10,expense,Transfer,118101.64
2021-01-10,expense,Transfer,474734.48
2021-01-10,expense,Transfer,141256.68
2021-01-10,expense,Transfer,458434.08
2021-01-10,expense,Transfer,240270.07
2021-01-10,expense,Transfer,22928.46
2021-01-10,expense,Transfer,789763.99
2021-01-10,expense,Transfer,1875016.02
2021-01-10,expense,Transfer,84147.03
2021-01-10,expense,Transfer,532191.8
2021-01-10,expense,Transfer,325717.9
2021-01-10,expense,Transfer,130232.47
2021-01-10,expense,Payment,17874.42
2021-01-10,expense,Transfer,2191180.64
2021-01-10,expense,Cash_out,56266.91
2021-01-10,expense,Cash_out,315196.21
2021-01-10,expense,Cash_out,16186.88
2021-01-10,expense,Cash_out,167242.29
2021-01-10,expense,Payment,35700.21
2021-01-10,expense,Cash_out,373307.21
2021-01-10,expense,Cash_out,205162.77
2021-01-10,expense,Payment,28029.16
2021-01-10,expense,Cash_out,391806.66
2021-01-10,income,Cash_in,362685.18
2021-01-10,expense,Transfer,815441.38
